RegionID,RegionName,State,month_date_yyyymm,zori,zori_mm,zori_yy,Metro
281,Pima County,AZ,201501,809.7,,,"Tucson, AZ"
281,Pima County,AZ,201502,812.11,0.003,,"Tucson, AZ"
281,Pima County,AZ,201503,815.13,0.0037,,"Tucson, AZ"
281,Pima County,AZ,201504,816.94,0.0022,,"Tucson, AZ"
281,Pima County,AZ,201505,819.74,0.0034,,"Tucson, AZ"
281,Pima County,AZ,201506,821.11,0.0017,,"Tucson, AZ"
281,Pima County,AZ,201507,825.36,0.0052,,"Tucson, AZ"
281,Pima County,AZ,201508,824.78,-0.0007,,"Tucson, AZ"
281,Pima County,AZ,201509,824.92,0.0002,,"Tucson, AZ"
281,Pima County,AZ,201510,822.95,-0.0024,,"Tucson, AZ"
281,Pima County,AZ,201511,826.25,0.004,,"Tucson, AZ"
281,Pima County,AZ,201512,828.66,0.0029,,"Tucson, AZ"
281,Pima County,AZ,201601,834.36,0.0069,0.0304,"Tucson, AZ"
281,Pima County,AZ,201602,836.6,0.0027,0.0302,"Tucson, AZ"
281,Pima County,AZ,201603,838.95,0.0028,0.0292,"Tucson, AZ"
281,Pima County,AZ,201604,839.76,0.001,0.0279,"Tucson, AZ"
281,Pima County,AZ,201605,844.68,0.0059,0.0304,"Tucson, AZ"
281,Pima County,AZ,201606,847.97,0.0039,0.0327,"Tucson, AZ"
281,Pima County,AZ,201607,849.17,0.0014,0.0288,"Tucson, AZ"
281,Pima County,AZ,201608,849.08,-0.0001,0.0295,"Tucson, AZ"
281,Pima County,AZ,201609,848.15,-0.0011,0.0282,"Tucson, AZ"
281,Pima County,AZ,201610,847.79,-0.0004,0.0302,"Tucson, AZ"
281,Pima County,AZ,201611,846.99,-0.0009,0.0251,"Tucson, AZ"
281,Pima County,AZ,201612,851.75,0.0056,0.0279,"Tucson, AZ"
281,Pima County,AZ,201701,857.87,0.0072,0.0282,"Tucson, AZ"
281,Pima County,AZ,201702,869.35,0.0134,0.0391,"Tucson, AZ"
281,Pima County,AZ,201703,879.6,0.0118,0.0485,"Tucson, AZ"
281,Pima County,AZ,201704,887.13,0.0086,0.0564,"Tucson, AZ"
281,Pima County,AZ,201705,891.58,0.005,0.0555,"Tucson, AZ"
281,Pima County,AZ,201706,891.94,0.0004,0.0518,"Tucson, AZ"
281,Pima County,AZ,201707,891.96,0.0,0.0504,"Tucson, AZ"
281,Pima County,AZ,201708,890.79,-0.0013,0.0491,"Tucson, AZ"
281,Pima County,AZ,201709,890.78,-0.0,0.0503,"Tucson, AZ"
281,Pima County,AZ,201710,895.08,0.0048,0.0558,"Tucson, AZ"
281,Pima County,AZ,201711,899.91,0.0054,0.0625,"Tucson, AZ"
281,Pima County,AZ,201712,901.67,0.002,0.0586,"Tucson, AZ"
281,Pima County,AZ,201801,905.19,0.0039,0.0552,"Tucson, AZ"
281,Pima County,AZ,201802,911.11,0.0065,0.048,"Tucson, AZ"
281,Pima County,AZ,201803,922.31,0.0123,0.0486,"Tucson, AZ"
281,Pima County,AZ,201804,932.18,0.0107,0.0508,"Tucson, AZ"
281,Pima County,AZ,201805,936.93,0.0051,0.0509,"Tucson, AZ"
281,Pima County,AZ,201806,942.14,0.0056,0.0563,"Tucson, AZ"
281,Pima County,AZ,201807,943.83,0.0018,0.0581,"Tucson, AZ"
281,Pima County,AZ,201808,946.8,0.0031,0.0629,"Tucson, AZ"
281,Pima County,AZ,201809,948.45,0.0017,0.0648,"Tucson, AZ"
281,Pima County,AZ,201810,951.68,0.0034,0.0632,"Tucson, AZ"
281,Pima County,AZ,201811,958.59,0.0073,0.0652,"Tucson, AZ"
281,Pima County,AZ,201812,965.74,0.0075,0.0711,"Tucson, AZ"
281,Pima County,AZ,201901,972.81,0.0073,0.0747,"Tucson, AZ"
281,Pima County,AZ,201902,978.44,0.0058,0.0739,"Tucson, AZ"
281,Pima County,AZ,201903,986.25,0.008,0.0693,"Tucson, AZ"
281,Pima County,AZ,201904,991.83,0.0057,0.064,"Tucson, AZ"
281,Pima County,AZ,201905,998.05,0.0063,0.0652,"Tucson, AZ"
281,Pima County,AZ,201906,1004.3,0.0063,0.066,"Tucson, AZ"
281,Pima County,AZ,201907,1009.6,0.0053,0.0697,"Tucson, AZ"
281,Pima County,AZ,201908,1011.83,0.0022,0.0687,"Tucson, AZ"
281,Pima County,AZ,201909,1010.19,-0.0016,0.0651,"Tucson, AZ"
281,Pima County,AZ,201910,1013.08,0.0029,0.0645,"Tucson, AZ"
281,Pima County,AZ,201911,1022.14,0.0089,0.0663,"Tucson, AZ"
281,Pima County,AZ,201912,1027.43,0.0052,0.0639,"Tucson, AZ"
281,Pima County,AZ,202001,1035.15,0.0075,0.0641,"Tucson, AZ"
281,Pima County,AZ,202002,1037.67,0.0024,0.0605,"Tucson, AZ"
281,Pima County,AZ,202003,1045.85,0.0079,0.0604,"Tucson, AZ"
281,Pima County,AZ,202004,1045.98,0.0001,0.0546,"Tucson, AZ"
281,Pima County,AZ,202005,1046.33,0.0003,0.0484,"Tucson, AZ"
281,Pima County,AZ,202006,1048.65,0.0022,0.0442,"Tucson, AZ"
281,Pima County,AZ,202007,1058.68,0.0096,0.0486,"Tucson, AZ"
281,Pima County,AZ,202008,1069.87,0.0106,0.0574,"Tucson, AZ"
281,Pima County,AZ,202009,1084.78,0.0139,0.0738,"Tucson, AZ"
281,Pima County,AZ,202010,1103.09,0.0169,0.0888,"Tucson, AZ"
281,Pima County,AZ,202011,1112.31,0.0084,0.0882,"Tucson, AZ"
281,Pima County,AZ,202012,1120.06,0.007,0.0902,"Tucson, AZ"
281,Pima County,AZ,202101,1120.85,0.0007,0.0828,"Tucson, AZ"
281,Pima County,AZ,202102,1135.44,0.013,0.0942,"Tucson, AZ"
281,Pima County,AZ,202103,1148.58,0.0116,0.0982,"Tucson, AZ"
281,Pima County,AZ,202104,1171.59,0.02,0.1201,"Tucson, AZ"
281,Pima County,AZ,202105,1189.1,0.015,0.1365,"Tucson, AZ"
281,Pima County,AZ,202106,1210.56,0.018,0.1544,"Tucson, AZ"
281,Pima County,AZ,202107,1229.02,0.0153,0.1609,"Tucson, AZ"
281,Pima County,AZ,202108,1258.69,0.0241,0.1765,"Tucson, AZ"
281,Pima County,AZ,202109,1285.99,0.0217,0.1855,"Tucson, AZ"
281,Pima County,AZ,202110,1305.96,0.0155,0.1839,"Tucson, AZ"
281,Pima County,AZ,202111,1319.08,0.01,0.1859,"Tucson, AZ"
281,Pima County,AZ,202112,1326.06,0.0053,0.1839,"Tucson, AZ"
281,Pima County,AZ,202201,1334.85,0.0066,0.1909,"Tucson, AZ"
281,Pima County,AZ,202202,1342.87,0.006,0.1827,"Tucson, AZ"
281,Pima County,AZ,202203,1354.82,0.0089,0.1796,"Tucson, AZ"
281,Pima County,AZ,202204,1364.86,0.0074,0.165,"Tucson, AZ"
281,Pima County,AZ,202205,1371.36,0.0048,0.1533,"Tucson, AZ"
281,Pima County,AZ,202206,1379.04,0.0056,0.1392,"Tucson, AZ"
281,Pima County,AZ,202207,1387.61,0.0062,0.129,"Tucson, AZ"
281,Pima County,AZ,202208,1395.4,0.0056,0.1086,"Tucson, AZ"
281,Pima County,AZ,202209,1396.85,0.001,0.0862,"Tucson, AZ"
281,Pima County,AZ,202210,1389.02,-0.0056,0.0636,"Tucson, AZ"
281,Pima County,AZ,202211,1386.55,-0.0018,0.0511,"Tucson, AZ"
281,Pima County,AZ,202212,1385.65,-0.0006,0.0449,"Tucson, AZ"
281,Pima County,AZ,202301,1390.91,0.0038,0.042,"Tucson, AZ"
281,Pima County,AZ,202302,1394.21,0.0024,0.0382,"Tucson, AZ"
281,Pima County,AZ,202303,1401.92,0.0055,0.0348,"Tucson, AZ"
281,Pima County,AZ,202304,1409.67,0.0055,0.0328,"Tucson, AZ"
281,Pima County,AZ,202305,1421.11,0.0081,0.0363,"Tucson, AZ"
281,Pima County,AZ,202306,1427.69,0.0046,0.0353,"Tucson, AZ"
281,Pima County,AZ,202307,1436.21,0.006,0.035,"Tucson, AZ"
281,Pima County,AZ,202308,1436.33,0.0001,0.0293,"Tucson, AZ"
281,Pima County,AZ,202309,1436.05,-0.0002,0.0281,"Tucson, AZ"
281,Pima County,AZ,202310,1435.5,-0.0004,0.0335,"Tucson, AZ"
281,Pima County,AZ,202311,1431.84,-0.0026,0.0327,"Tucson, AZ"
281,Pima County,AZ,202312,1434.36,0.0018,0.0351,"Tucson, AZ"
281,Pima County,AZ,202401,1434.88,0.0004,0.0316,"Tucson, AZ"
281,Pima County,AZ,202402,1440.05,0.0036,0.0329,"Tucson, AZ"
281,Pima County,AZ,202403,1441.3,0.0009,0.0281,"Tucson, AZ"
281,Pima County,AZ,202404,1444.85,0.0025,0.025,"Tucson, AZ"
281,Pima County,AZ,202405,1449.36,0.0031,0.0199,"Tucson, AZ"
281,Pima County,AZ,202406,1453.58,0.0029,0.0181,"Tucson, AZ"
281,Pima County,AZ,202407,1456.31,0.0019,0.014,"Tucson, AZ"
281,Pima County,AZ,202408,1456.1,-0.0001,0.0138,"Tucson, AZ"
281,Pima County,AZ,202409,1458.96,0.002,0.016,"Tucson, AZ"
281,Pima County,AZ,202410,1459.82,0.0006,0.0169,"Tucson, AZ"
281,Pima County,AZ,202411,1459.13,-0.0005,0.0191,"Tucson, AZ"
281,Pima County,AZ,202412,1455.68,-0.0024,0.0149,"Tucson, AZ"
281,Pima County,AZ,202501,1453.29,-0.0016,0.0128,"Tucson, AZ"
281,Pima County,AZ,202502,1453.89,0.0004,0.0096,"Tucson, AZ"
281,Pima County,AZ,202503,1456.5,0.0018,0.0105,"Tucson, AZ"
281,Pima County,AZ,202504,1457.8,0.0009,0.009,"Tucson, AZ"
281,Pima County,AZ,202505,1462.1,0.0029,0.0088,"Tucson, AZ"
281,Pima County,AZ,202506,1462.1,0.0,0.0059,"Tucson, AZ"
281,Pima County,AZ,202507,1463.68,0.0011,0.0051,"Tucson, AZ"
281,Pima County,AZ,202508,1459.84,-0.0026,0.0026,"Tucson, AZ"
281,Pima County,AZ,202509,1458.59,-0.0009,-0.0003,"Tucson, AZ"
281,Pima County,AZ,202510,1452.52,-0.0042,-0.005,"Tucson, AZ"
281,Pima County,AZ,202511,1449.64,-0.002,-0.0065,"Tucson, AZ"
281,Pima County,AZ,202512,1444.56,-0.0035,-0.0076,"Tucson, AZ"
281,Pima County,AZ,202601,1451.59,0.0049,-0.0012,"Tucson, AZ"
281,Pima County,AZ,202602,1458.71,0.0049,0.0033,"Tucson, AZ"
281,Pima County,AZ,202603,1468.0,0.0064,0.0079,"Tucson, AZ"
281,Pima County,AZ,202604,1470.08,0.0014,0.0084,"Tucson, AZ"
281,Pima County,AZ,202605,1473.28,0.0022,0.0076,"Tucson, AZ"
281,Pima County,AZ,202606,1475.35,0.0014,0.0091,"Tucson, AZ"
281,Pima County,AZ,202607,1479.71,0.003,0.011,"Tucson, AZ"
281,Pima County,AZ,202608,1482.6,0.002,0.0156,"Tucson, AZ"
347,Yuma County,AZ,202112,1218.57,,,"Yuma, AZ"
347,Yuma County,AZ,202201,1250.02,0.0258,,"Yuma, AZ"
347,Yuma County,AZ,202202,1247.9,-0.0017,,"Yuma, AZ"
347,Yuma County,AZ,202203,1252.48,0.0037,,"Yuma, AZ"
347,Yuma County,AZ,202204,1269.06,0.0132,,"Yuma, AZ"
347,Yuma County,AZ,202205,1289.09,0.0158,,"Yuma, AZ"
347,Yuma County,AZ,202206,1304.25,0.0118,,"Yuma, AZ"
347,Yuma County,AZ,202207,1310.76,0.005,,"Yuma, AZ"
347,Yuma County,AZ,202208,1307.51,-0.0025,,"Yuma, AZ"
347,Yuma County,AZ,202209,1310.36,0.0022,,"Yuma, AZ"
347,Yuma County,AZ,202210,1306.39,-0.003,,"Yuma, AZ"
347,Yuma County,AZ,202211,1296.72,-0.0074,,"Yuma, AZ"
347,Yuma County,AZ,202212,1306.18,0.0073,0.0719,"Yuma, AZ"
347,Yuma County,AZ,202301,1322.4,0.0124,0.0579,"Yuma, AZ"
347,Yuma County,AZ,202302,1349.17,0.0202,0.0812,"Yuma, AZ"
347,Yuma County,AZ,202303,1350.75,0.0012,0.0785,"Yuma, AZ"
347,Yuma County,AZ,202304,1353.75,0.0022,0.0667,"Yuma, AZ"
347,Yuma County,AZ,202305,1351.02,-0.002,0.048,"Yuma, AZ"
347,Yuma County,AZ,202306,1351.88,0.0006,0.0365,"Yuma, AZ"
347,Yuma County,AZ,202307,1356.43,0.0034,0.0348,"Yuma, AZ"
347,Yuma County,AZ,202308,1352.57,-0.0028,0.0345,"Yuma, AZ"
347,Yuma County,AZ,202309,1357.23,0.0034,0.0358,"Yuma, AZ"
347,Yuma County,AZ,202310,1358.21,0.0007,0.0397,"Yuma, AZ"
347,Yuma County,AZ,202311,1365.08,0.0051,0.0527,"Yuma, AZ"
347,Yuma County,AZ,202312,1365.48,0.0003,0.0454,"Yuma, AZ"
347,Yuma County,AZ,202401,1357.69,-0.0057,0.0267,"Yuma, AZ"
347,Yuma County,AZ,202402,1355.84,-0.0014,0.0049,"Yuma, AZ"
347,Yuma County,AZ,202403,1362.89,0.0052,0.009,"Yuma, AZ"
347,Yuma County,AZ,202404,1369.05,0.0045,0.0113,"Yuma, AZ"
347,Yuma County,AZ,202405,1377.2,0.006,0.0194,"Yuma, AZ"
347,Yuma County,AZ,202406,1383.88,0.0048,0.0237,"Yuma, AZ"
347,Yuma County,AZ,202407,1387.49,0.0026,0.0229,"Yuma, AZ"
347,Yuma County,AZ,202408,1397.1,0.0069,0.0329,"Yuma, AZ"
347,Yuma County,AZ,202409,1391.9,-0.0037,0.0255,"Yuma, AZ"
347,Yuma County,AZ,202410,1391.57,-0.0002,0.0246,"Yuma, AZ"
347,Yuma County,AZ,202411,1385.69,-0.0042,0.0151,"Yuma, AZ"
347,Yuma County,AZ,202412,1389.54,0.0028,0.0176,"Yuma, AZ"
347,Yuma County,AZ,202501,1400.34,0.0078,0.0314,"Yuma, AZ"
347,Yuma County,AZ,202502,1409.93,0.0069,0.0399,"Yuma, AZ"
347,Yuma County,AZ,202503,1409.11,-0.0006,0.0339,"Yuma, AZ"
347,Yuma County,AZ,202504,1412.36,0.0023,0.0316,"Yuma, AZ"
347,Yuma County,AZ,202505,1415.79,0.0024,0.028,"Yuma, AZ"
347,Yuma County,AZ,202506,1422.69,0.0049,0.028,"Yuma, AZ"
347,Yuma County,AZ,202507,1415.45,-0.0051,0.0202,"Yuma, AZ"
347,Yuma County,AZ,202508,1412.74,-0.0019,0.0112,"Yuma, AZ"
347,Yuma County,AZ,202509,1404.65,-0.0057,0.0092,"Yuma, AZ"
347,Yuma County,AZ,202510,1409.28,0.0033,0.0127,"Yuma, AZ"
347,Yuma County,AZ,202511,1408.68,-0.0004,0.0166,"Yuma, AZ"
347,Yuma County,AZ,202512,1411.72,0.0022,0.016,"Yuma, AZ"
347,Yuma County,AZ,202601,1413.95,0.0016,0.0097,"Yuma, AZ"
347,Yuma County,AZ,202602,1420.83,0.0049,0.0077,"Yuma, AZ"
347,Yuma County,AZ,202603,1436.1,0.0108,0.0192,"Yuma, AZ"
347,Yuma County,AZ,202604,1440.59,0.0031,0.02,"Yuma, AZ"
347,Yuma County,AZ,202605,1446.62,0.0042,0.0218,"Yuma, AZ"
347,Yuma County,AZ,202606,1457.38,0.0074,0.0244,"Yuma, AZ"
347,Yuma County,AZ,202607,1466.15,0.006,0.0358,"Yuma, AZ"
347,Yuma County,AZ,202608,1457.22,-0.0061,0.0315,"Yuma, AZ"
685,Pinal County,AZ,201501,857.41,,,"Phoenix-Mesa-Chandler, AZ"
685,Pinal County,AZ,201502,860.02,0.0031,,"Phoenix-Mesa-Chandler, AZ"
685,Pinal County,AZ,201503,872.71,0.0148,,"Phoenix-Mesa-Chandler, AZ"
685,Pinal County,AZ,201504,882.0,0.0106,,"Phoenix-Mesa-Chandler, AZ"
685,Pinal County,AZ,201505,893.95,0.0135,,"Phoenix-Mesa-Chandler, AZ"
685,Pinal County,AZ,201506,900.92,0.0078,,"Phoenix-Mesa-Chandler, AZ"
685,Pinal County,AZ,201507,899.96,-0.0011,,"Phoenix-Mesa-Chandler, AZ"
685,Pinal County,AZ,201508,903.44,0.0039,,"Phoenix-Mesa-Chandler, AZ"
685,Pinal County,AZ,201509,904.65,0.0013,,"Phoenix-Mesa-Chandler, AZ"
685,Pinal County,AZ,201510,911.61,0.0077,,"Phoenix-Mesa-Chandler, AZ"
685,Pinal County,AZ,201511,911.21,-0.0004,,"Phoenix-Mesa-Chandler, AZ"
685,Pinal County,AZ,201512,910.37,-0.0009,,"Phoenix-Mesa-Chandler, AZ"
685,Pinal County,AZ,201601,911.06,0.0008,0.0626,"Phoenix-Mesa-Chandler, AZ"
685,Pinal County,AZ,201602,920.25,0.0101,0.07,"Phoenix-Mesa-Chandler, AZ"
685,Pinal County,AZ,201603,931.55,0.0123,0.0674,"Phoenix-Mesa-Chandler, AZ"
685,Pinal County,AZ,201604,938.58,0.0075,0.0641,"Phoenix-Mesa-Chandler, AZ"
685,Pinal County,AZ,201605,942.6,0.0043,0.0544,"Phoenix-Mesa-Chandler, AZ"
685,Pinal County,AZ,201606,947.8,0.0055,0.052,"Phoenix-Mesa-Chandler, AZ"
685,Pinal County,AZ,201607,956.01,0.0087,0.0623,"Phoenix-Mesa-Chandler, AZ"
685,Pinal County,AZ,201608,960.48,0.0047,0.0631,"Phoenix-Mesa-Chandler, AZ"
685,Pinal County,AZ,201609,961.6,0.0012,0.0629,"Phoenix-Mesa-Chandler, AZ"
685,Pinal County,AZ,201610,959.73,-0.0019,0.0528,"Phoenix-Mesa-Chandler, AZ"
685,Pinal County,AZ,201611,962.73,0.0031,0.0565,"Phoenix-Mesa-Chandler, AZ"
685,Pinal County,AZ,201612,966.26,0.0037,0.0614,"Phoenix-Mesa-Chandler, AZ"
685,Pinal County,AZ,201701,976.18,0.0103,0.0715,"Phoenix-Mesa-Chandler, AZ"
685,Pinal County,AZ,201702,982.75,0.0067,0.0679,"Phoenix-Mesa-Chandler, AZ"
685,Pinal County,AZ,201703,996.73,0.0142,0.07,"Phoenix-Mesa-Chandler, AZ"
685,Pinal County,AZ,201704,1008.55,0.0119,0.0746,"Phoenix-Mesa-Chandler, AZ"
685,Pinal County,AZ,201705,1020.56,0.0119,0.0827,"Phoenix-Mesa-Chandler, AZ"
685,Pinal County,AZ,201706,1026.9,0.0062,0.0835,"Phoenix-Mesa-Chandler, AZ"
685,Pinal County,AZ,201707,1034.37,0.0073,0.082,"Phoenix-Mesa-Chandler, AZ"
685,Pinal County,AZ,201708,1033.98,-0.0004,0.0765,"Phoenix-Mesa-Chandler, AZ"
685,Pinal County,AZ,201709,1044.94,0.0106,0.0867,"Phoenix-Mesa-Chandler, AZ"
685,Pinal County,AZ,201710,1039.94,-0.0048,0.0836,"Phoenix-Mesa-Chandler, AZ"
685,Pinal County,AZ,201711,1042.4,0.0024,0.0828,"Phoenix-Mesa-Chandler, AZ"
685,Pinal County,AZ,201712,1038.51,-0.0037,0.0748,"Phoenix-Mesa-Chandler, AZ"
685,Pinal County,AZ,201801,1050.98,0.012,0.0766,"Phoenix-Mesa-Chandler, AZ"
685,Pinal County,AZ,201802,1061.71,0.0102,0.0803,"Phoenix-Mesa-Chandler, AZ"
685,Pinal County,AZ,201803,1069.66,0.0075,0.0732,"Phoenix-Mesa-Chandler, AZ"
685,Pinal County,AZ,201804,1083.52,0.013,0.0743,"Phoenix-Mesa-Chandler, AZ"
685,Pinal County,AZ,201805,1097.92,0.0133,0.0758,"Phoenix-Mesa-Chandler, AZ"
685,Pinal County,AZ,201806,1112.53,0.0133,0.0834,"Phoenix-Mesa-Chandler, AZ"
685,Pinal County,AZ,201807,1117.95,0.0049,0.0808,"Phoenix-Mesa-Chandler, AZ"
685,Pinal County,AZ,201808,1124.15,0.0055,0.0872,"Phoenix-Mesa-Chandler, AZ"
685,Pinal County,AZ,201809,1126.98,0.0025,0.0785,"Phoenix-Mesa-Chandler, AZ"
685,Pinal County,AZ,201810,1125.1,-0.0017,0.0819,"Phoenix-Mesa-Chandler, AZ"
685,Pinal County,AZ,201811,1119.13,-0.0053,0.0736,"Phoenix-Mesa-Chandler, AZ"
685,Pinal County,AZ,201812,1123.17,0.0036,0.0815,"Phoenix-Mesa-Chandler, AZ"
685,Pinal County,AZ,201901,1130.59,0.0066,0.0758,"Phoenix-Mesa-Chandler, AZ"
685,Pinal County,AZ,201902,1139.65,0.008,0.0734,"Phoenix-Mesa-Chandler, AZ"
685,Pinal County,AZ,201903,1154.2,0.0128,0.079,"Phoenix-Mesa-Chandler, AZ"
685,Pinal County,AZ,201904,1166.12,0.0103,0.0762,"Phoenix-Mesa-Chandler, AZ"
685,Pinal County,AZ,201905,1189.25,0.0198,0.0832,"Phoenix-Mesa-Chandler, AZ"
685,Pinal County,AZ,201906,1198.15,0.0075,0.077,"Phoenix-Mesa-Chandler, AZ"
685,Pinal County,AZ,201907,1210.74,0.0105,0.083,"Phoenix-Mesa-Chandler, AZ"
685,Pinal County,AZ,201908,1214.36,0.003,0.0802,"Phoenix-Mesa-Chandler, AZ"
685,Pinal County,AZ,201909,1223.91,0.0079,0.086,"Phoenix-Mesa-Chandler, AZ"
685,Pinal County,AZ,201910,1234.0,0.0082,0.0968,"Phoenix-Mesa-Chandler, AZ"
685,Pinal County,AZ,201911,1233.47,-0.0004,0.1022,"Phoenix-Mesa-Chandler, AZ"
685,Pinal County,AZ,201912,1232.49,-0.0008,0.0973,"Phoenix-Mesa-Chandler, AZ"
685,Pinal County,AZ,202001,1237.29,0.0039,0.0944,"Phoenix-Mesa-Chandler, AZ"
685,Pinal County,AZ,202002,1255.86,0.015,0.102,"Phoenix-Mesa-Chandler, AZ"
685,Pinal County,AZ,202003,1269.52,0.0109,0.0999,"Phoenix-Mesa-Chandler, AZ"
685,Pinal County,AZ,202004,1276.94,0.0058,0.095,"Phoenix-Mesa-Chandler, AZ"
685,Pinal County,AZ,202005,1282.5,0.0043,0.0784,"Phoenix-Mesa-Chandler, AZ"
685,Pinal County,AZ,202006,1299.37,0.0132,0.0845,"Phoenix-Mesa-Chandler, AZ"
685,Pinal County,AZ,202007,1321.22,0.0168,0.0912,"Phoenix-Mesa-Chandler, AZ"
685,Pinal County,AZ,202008,1354.91,0.0255,0.1157,"Phoenix-Mesa-Chandler, AZ"
685,Pinal County,AZ,202009,1379.16,0.0179,0.1268,"Phoenix-Mesa-Chandler, AZ"
685,Pinal County,AZ,202010,1403.37,0.0176,0.1372,"Phoenix-Mesa-Chandler, AZ"
685,Pinal County,AZ,202011,1420.29,0.0121,0.1515,"Phoenix-Mesa-Chandler, AZ"
685,Pinal County,AZ,202012,1433.6,0.0094,0.1632,"Phoenix-Mesa-Chandler, AZ"
685,Pinal County,AZ,202101,1444.01,0.0073,0.1671,"Phoenix-Mesa-Chandler, AZ"
685,Pinal County,AZ,202102,1454.8,0.0075,0.1584,"Phoenix-Mesa-Chandler, AZ"
685,Pinal County,AZ,202103,1483.4,0.0197,0.1685,"Phoenix-Mesa-Chandler, AZ"
685,Pinal County,AZ,202104,1520.02,0.0247,0.1904,"Phoenix-Mesa-Chandler, AZ"
685,Pinal County,AZ,202105,1558.16,0.0251,0.2149,"Phoenix-Mesa-Chandler, AZ"
685,Pinal County,AZ,202106,1597.38,0.0252,0.2294,"Phoenix-Mesa-Chandler, AZ"
685,Pinal County,AZ,202107,1624.34,0.0169,0.2294,"Phoenix-Mesa-Chandler, AZ"
685,Pinal County,AZ,202108,1644.81,0.0126,0.214,"Phoenix-Mesa-Chandler, AZ"
685,Pinal County,AZ,202109,1658.18,0.0081,0.2023,"Phoenix-Mesa-Chandler, AZ"
685,Pinal County,AZ,202110,1683.6,0.0153,0.1997,"Phoenix-Mesa-Chandler, AZ"
685,Pinal County,AZ,202111,1705.37,0.0129,0.2007,"Phoenix-Mesa-Chandler, AZ"
685,Pinal County,AZ,202112,1710.79,0.0032,0.1933,"Phoenix-Mesa-Chandler, AZ"
685,Pinal County,AZ,202201,1712.54,0.001,0.186,"Phoenix-Mesa-Chandler, AZ"
685,Pinal County,AZ,202202,1717.54,0.0029,0.1806,"Phoenix-Mesa-Chandler, AZ"
685,Pinal County,AZ,202203,1739.69,0.0129,0.1728,"Phoenix-Mesa-Chandler, AZ"
685,Pinal County,AZ,202204,1750.91,0.0065,0.1519,"Phoenix-Mesa-Chandler, AZ"
685,Pinal County,AZ,202205,1754.34,0.002,0.1259,"Phoenix-Mesa-Chandler, AZ"
685,Pinal County,AZ,202206,1749.18,-0.0029,0.095,"Phoenix-Mesa-Chandler, AZ"
685,Pinal County,AZ,202207,1756.19,0.004,0.0812,"Phoenix-Mesa-Chandler, AZ"
685,Pinal County,AZ,202208,1765.23,0.0052,0.0732,"Phoenix-Mesa-Chandler, AZ"
685,Pinal County,AZ,202209,1761.56,-0.0021,0.0623,"Phoenix-Mesa-Chandler, AZ"
685,Pinal County,AZ,202210,1753.4,-0.0046,0.0415,"Phoenix-Mesa-Chandler, AZ"
685,Pinal County,AZ,202211,1747.44,-0.0034,0.0247,"Phoenix-Mesa-Chandler, AZ"
685,Pinal County,AZ,202212,1745.48,-0.0011,0.0203,"Phoenix-Mesa-Chandler, AZ"
685,Pinal County,AZ,202301,1743.44,-0.0012,0.018,"Phoenix-Mesa-Chandler, AZ"
685,Pinal County,AZ,202302,1745.49,0.0012,0.0163,"Phoenix-Mesa-Chandler, AZ"
685,Pinal County,AZ,202303,1765.17,0.0113,0.0146,"Phoenix-Mesa-Chandler, AZ"
685,Pinal County,AZ,202304,1783.99,0.0107,0.0189,"Phoenix-Mesa-Chandler, AZ"
685,Pinal County,AZ,202305,1797.67,0.0077,0.0247,"Phoenix-Mesa-Chandler, AZ"
685,Pinal County,AZ,202306,1798.16,0.0003,0.028,"Phoenix-Mesa-Chandler, AZ"
685,Pinal County,AZ,202307,1796.11,-0.0011,0.0227,"Phoenix-Mesa-Chandler, AZ"
685,Pinal County,AZ,202308,1794.35,-0.001,0.0165,"Phoenix-Mesa-Chandler, AZ"
685,Pinal County,AZ,202309,1792.92,-0.0008,0.0178,"Phoenix-Mesa-Chandler, AZ"
685,Pinal County,AZ,202310,1786.21,-0.0037,0.0187,"Phoenix-Mesa-Chandler, AZ"
685,Pinal County,AZ,202311,1783.12,-0.0017,0.0204,"Phoenix-Mesa-Chandler, AZ"
685,Pinal County,AZ,202312,1777.25,-0.0033,0.0182,"Phoenix-Mesa-Chandler, AZ"
685,Pinal County,AZ,202401,1778.17,0.0005,0.0199,"Phoenix-Mesa-Chandler, AZ"
685,Pinal County,AZ,202402,1779.58,0.0008,0.0195,"Phoenix-Mesa-Chandler, AZ"
685,Pinal County,AZ,202403,1793.61,0.0079,0.0161,"Phoenix-Mesa-Chandler, AZ"
685,Pinal County,AZ,202404,1806.54,0.0072,0.0126,"Phoenix-Mesa-Chandler, AZ"
685,Pinal County,AZ,202405,1814.04,0.0042,0.0091,"Phoenix-Mesa-Chandler, AZ"
685,Pinal County,AZ,202406,1810.36,-0.002,0.0068,"Phoenix-Mesa-Chandler, AZ"
685,Pinal County,AZ,202407,1801.22,-0.005,0.0028,"Phoenix-Mesa-Chandler, AZ"
685,Pinal County,AZ,202408,1797.97,-0.0018,0.002,"Phoenix-Mesa-Chandler, AZ"
685,Pinal County,AZ,202409,1798.91,0.0005,0.0033,"Phoenix-Mesa-Chandler, AZ"
685,Pinal County,AZ,202410,1802.3,0.0019,0.009,"Phoenix-Mesa-Chandler, AZ"
685,Pinal County,AZ,202411,1791.22,-0.0062,0.0045,"Phoenix-Mesa-Chandler, AZ"
685,Pinal County,AZ,202412,1787.07,-0.0023,0.0055,"Phoenix-Mesa-Chandler, AZ"
685,Pinal County,AZ,202501,1781.13,-0.0033,0.0017,"Phoenix-Mesa-Chandler, AZ"
685,Pinal County,AZ,202502,1795.84,0.0083,0.0091,"Phoenix-Mesa-Chandler, AZ"
685,Pinal County,AZ,202503,1809.67,0.0077,0.009,"Phoenix-Mesa-Chandler, AZ"
685,Pinal County,AZ,202504,1818.77,0.005,0.0068,"Phoenix-Mesa-Chandler, AZ"
685,Pinal County,AZ,202505,1818.77,-0.0,0.0026,"Phoenix-Mesa-Chandler, AZ"
685,Pinal County,AZ,202506,1807.81,-0.006,-0.0014,"Phoenix-Mesa-Chandler, AZ"
685,Pinal County,AZ,202507,1806.8,-0.0006,0.0031,"Phoenix-Mesa-Chandler, AZ"
685,Pinal County,AZ,202508,1801.16,-0.0031,0.0018,"Phoenix-Mesa-Chandler, AZ"
685,Pinal County,AZ,202509,1797.73,-0.0019,-0.0007,"Phoenix-Mesa-Chandler, AZ"
685,Pinal County,AZ,202510,1792.52,-0.0029,-0.0054,"Phoenix-Mesa-Chandler, AZ"
685,Pinal County,AZ,202511,1791.44,-0.0006,0.0001,"Phoenix-Mesa-Chandler, AZ"
685,Pinal County,AZ,202512,1787.19,-0.0024,0.0001,"Phoenix-Mesa-Chandler, AZ"
685,Pinal County,AZ,202601,1793.97,0.0038,0.0072,"Phoenix-Mesa-Chandler, AZ"
685,Pinal County,AZ,202602,1803.35,0.0052,0.0042,"Phoenix-Mesa-Chandler, AZ"
685,Pinal County,AZ,202603,1821.75,0.0102,0.0067,"Phoenix-Mesa-Chandler, AZ"
685,Pinal County,AZ,202604,1823.89,0.0012,0.0028,"Phoenix-Mesa-Chandler, AZ"
685,Pinal County,AZ,202605,1821.26,-0.0014,0.0014,"Phoenix-Mesa-Chandler, AZ"
685,Pinal County,AZ,202606,1821.1,-0.0001,0.0073,"Phoenix-Mesa-Chandler, AZ"
685,Pinal County,AZ,202607,1819.93,-0.0006,0.0073,"Phoenix-Mesa-Chandler, AZ"
685,Pinal County,AZ,202608,1821.24,0.0007,0.0111,"Phoenix-Mesa-Chandler, AZ"
1047,Graham County,AZ,202608,1382.5,,,"Safford, AZ"
1210,Mohave County,AZ,201501,754.26,,,"Lake Havasu City-Kingman, AZ"
1210,Mohave County,AZ,201502,756.03,0.0023,,"Lake Havasu City-Kingman, AZ"
1210,Mohave County,AZ,201503,761.64,0.0074,,"Lake Havasu City-Kingman, AZ"
1210,Mohave County,AZ,201504,767.89,0.0082,,"Lake Havasu City-Kingman, AZ"
1210,Mohave County,AZ,201505,769.1,0.0016,,"Lake Havasu City-Kingman, AZ"
1210,Mohave County,AZ,201506,770.92,0.0024,,"Lake Havasu City-Kingman, AZ"
1210,Mohave County,AZ,201507,772.55,0.0021,,"Lake Havasu City-Kingman, AZ"
1210,Mohave County,AZ,201508,774.39,0.0024,,"Lake Havasu City-Kingman, AZ"
1210,Mohave County,AZ,201509,775.0,0.0008,,"Lake Havasu City-Kingman, AZ"
1210,Mohave County,AZ,201510,778.05,0.0039,,"Lake Havasu City-Kingman, AZ"
1210,Mohave County,AZ,201511,782.82,0.0061,,"Lake Havasu City-Kingman, AZ"
1210,Mohave County,AZ,201512,796.57,0.0176,,"Lake Havasu City-Kingman, AZ"
1210,Mohave County,AZ,201601,800.89,0.0054,0.0618,"Lake Havasu City-Kingman, AZ"
1210,Mohave County,AZ,201602,801.02,0.0002,0.0595,"Lake Havasu City-Kingman, AZ"
1210,Mohave County,AZ,201603,793.22,-0.0097,0.0415,"Lake Havasu City-Kingman, AZ"
1210,Mohave County,AZ,201604,793.97,0.001,0.034,"Lake Havasu City-Kingman, AZ"
1210,Mohave County,AZ,201605,800.98,0.0088,0.0414,"Lake Havasu City-Kingman, AZ"
1210,Mohave County,AZ,201606,806.93,0.0074,0.0467,"Lake Havasu City-Kingman, AZ"
1210,Mohave County,AZ,201607,811.84,0.0061,0.0509,"Lake Havasu City-Kingman, AZ"
1210,Mohave County,AZ,201608,817.31,0.0067,0.0554,"Lake Havasu City-Kingman, AZ"
1210,Mohave County,AZ,201609,823.66,0.0078,0.0628,"Lake Havasu City-Kingman, AZ"
1210,Mohave County,AZ,201610,818.8,-0.0059,0.0524,"Lake Havasu City-Kingman, AZ"
1210,Mohave County,AZ,201611,824.53,0.007,0.0533,"Lake Havasu City-Kingman, AZ"
1210,Mohave County,AZ,201612,822.08,-0.003,0.032,"Lake Havasu City-Kingman, AZ"
1210,Mohave County,AZ,201701,834.1,0.0146,0.0415,"Lake Havasu City-Kingman, AZ"
1210,Mohave County,AZ,201702,832.16,-0.0023,0.0389,"Lake Havasu City-Kingman, AZ"
1210,Mohave County,AZ,201703,840.38,0.0099,0.0595,"Lake Havasu City-Kingman, AZ"
1210,Mohave County,AZ,201704,846.94,0.0078,0.0667,"Lake Havasu City-Kingman, AZ"
1210,Mohave County,AZ,201705,857.37,0.0123,0.0704,"Lake Havasu City-Kingman, AZ"
1210,Mohave County,AZ,201706,866.49,0.0106,0.0738,"Lake Havasu City-Kingman, AZ"
1210,Mohave County,AZ,201707,871.21,0.0054,0.0731,"Lake Havasu City-Kingman, AZ"
1210,Mohave County,AZ,201708,867.24,-0.0046,0.0611,"Lake Havasu City-Kingman, AZ"
1210,Mohave County,AZ,201709,869.93,0.0031,0.0562,"Lake Havasu City-Kingman, AZ"
1210,Mohave County,AZ,201710,874.23,0.0049,0.0677,"Lake Havasu City-Kingman, AZ"
1210,Mohave County,AZ,201711,893.47,0.022,0.0836,"Lake Havasu City-Kingman, AZ"
1210,Mohave County,AZ,201712,896.37,0.0032,0.0904,"Lake Havasu City-Kingman, AZ"
1210,Mohave County,AZ,201801,897.53,0.0013,0.0761,"Lake Havasu City-Kingman, AZ"
1210,Mohave County,AZ,201802,893.19,-0.0048,0.0733,"Lake Havasu City-Kingman, AZ"
1210,Mohave County,AZ,201803,893.72,0.0006,0.0635,"Lake Havasu City-Kingman, AZ"
1210,Mohave County,AZ,201804,907.03,0.0149,0.0709,"Lake Havasu City-Kingman, AZ"
1210,Mohave County,AZ,201805,915.74,0.0096,0.0681,"Lake Havasu City-Kingman, AZ"
1210,Mohave County,AZ,201806,926.38,0.0116,0.0691,"Lake Havasu City-Kingman, AZ"
1210,Mohave County,AZ,201807,928.18,0.0019,0.0654,"Lake Havasu City-Kingman, AZ"
1210,Mohave County,AZ,201808,933.72,0.006,0.0767,"Lake Havasu City-Kingman, AZ"
1210,Mohave County,AZ,201809,935.84,0.0023,0.0758,"Lake Havasu City-Kingman, AZ"
1210,Mohave County,AZ,201810,938.25,0.0026,0.0732,"Lake Havasu City-Kingman, AZ"
1210,Mohave County,AZ,201811,934.42,-0.0041,0.0458,"Lake Havasu City-Kingman, AZ"
1210,Mohave County,AZ,201812,941.39,0.0075,0.0502,"Lake Havasu City-Kingman, AZ"
1210,Mohave County,AZ,201901,950.54,0.0097,0.0591,"Lake Havasu City-Kingman, AZ"
1210,Mohave County,AZ,201902,969.19,0.0196,0.0851,"Lake Havasu City-Kingman, AZ"
1210,Mohave County,AZ,201903,977.74,0.0088,0.094,"Lake Havasu City-Kingman, AZ"
1210,Mohave County,AZ,201904,987.44,0.0099,0.0887,"Lake Havasu City-Kingman, AZ"
1210,Mohave County,AZ,201905,989.61,0.0022,0.0807,"Lake Havasu City-Kingman, AZ"
1210,Mohave County,AZ,201906,997.26,0.0077,0.0765,"Lake Havasu City-Kingman, AZ"
1210,Mohave County,AZ,201907,1001.86,0.0046,0.0794,"Lake Havasu City-Kingman, AZ"
1210,Mohave County,AZ,201908,1005.6,0.0037,0.077,"Lake Havasu City-Kingman, AZ"
1210,Mohave County,AZ,201909,1014.24,0.0086,0.0838,"Lake Havasu City-Kingman, AZ"
1210,Mohave County,AZ,201910,1020.05,0.0057,0.0872,"Lake Havasu City-Kingman, AZ"
1210,Mohave County,AZ,201911,1022.4,0.0023,0.0942,"Lake Havasu City-Kingman, AZ"
1210,Mohave County,AZ,201912,1012.33,-0.0098,0.0754,"Lake Havasu City-Kingman, AZ"
1210,Mohave County,AZ,202001,1017.94,0.0055,0.0709,"Lake Havasu City-Kingman, AZ"
1210,Mohave County,AZ,202002,1021.18,0.0032,0.0536,"Lake Havasu City-Kingman, AZ"
1210,Mohave County,AZ,202003,1041.09,0.0195,0.0648,"Lake Havasu City-Kingman, AZ"
1210,Mohave County,AZ,202004,1047.13,0.0058,0.0604,"Lake Havasu City-Kingman, AZ"
1210,Mohave County,AZ,202005,1061.87,0.0141,0.073,"Lake Havasu City-Kingman, AZ"
1210,Mohave County,AZ,202006,1061.48,-0.0004,0.0644,"Lake Havasu City-Kingman, AZ"
1210,Mohave County,AZ,202007,1062.0,0.0005,0.06,"Lake Havasu City-Kingman, AZ"
1210,Mohave County,AZ,202008,1072.77,0.0101,0.0668,"Lake Havasu City-Kingman, AZ"
1210,Mohave County,AZ,202009,1093.33,0.0192,0.078,"Lake Havasu City-Kingman, AZ"
1210,Mohave County,AZ,202010,1121.12,0.0254,0.0991,"Lake Havasu City-Kingman, AZ"
1210,Mohave County,AZ,202011,1141.78,0.0184,0.1168,"Lake Havasu City-Kingman, AZ"
1210,Mohave County,AZ,202012,1145.9,0.0036,0.1319,"Lake Havasu City-Kingman, AZ"
1210,Mohave County,AZ,202101,1136.07,-0.0086,0.116,"Lake Havasu City-Kingman, AZ"
1210,Mohave County,AZ,202102,1144.77,0.0077,0.121,"Lake Havasu City-Kingman, AZ"
1210,Mohave County,AZ,202103,1176.9,0.0281,0.1305,"Lake Havasu City-Kingman, AZ"
1210,Mohave County,AZ,202104,1238.58,0.0524,0.1828,"Lake Havasu City-Kingman, AZ"
1210,Mohave County,AZ,202105,1271.73,0.0268,0.1976,"Lake Havasu City-Kingman, AZ"
1210,Mohave County,AZ,202106,1292.99,0.0167,0.2181,"Lake Havasu City-Kingman, AZ"
1210,Mohave County,AZ,202107,1276.78,-0.0125,0.2022,"Lake Havasu City-Kingman, AZ"
1210,Mohave County,AZ,202108,1273.91,-0.0022,0.1875,"Lake Havasu City-Kingman, AZ"
1210,Mohave County,AZ,202109,1293.6,0.0155,0.1832,"Lake Havasu City-Kingman, AZ"
1210,Mohave County,AZ,202110,1318.94,0.0196,0.1765,"Lake Havasu City-Kingman, AZ"
1210,Mohave County,AZ,202111,1367.96,0.0372,0.1981,"Lake Havasu City-Kingman, AZ"
1210,Mohave County,AZ,202112,1366.01,-0.0014,0.1921,"Lake Havasu City-Kingman, AZ"
1210,Mohave County,AZ,202201,1371.36,0.0039,0.2071,"Lake Havasu City-Kingman, AZ"
1210,Mohave County,AZ,202202,1364.52,-0.005,0.192,"Lake Havasu City-Kingman, AZ"
1210,Mohave County,AZ,202203,1383.27,0.0137,0.1754,"Lake Havasu City-Kingman, AZ"
1210,Mohave County,AZ,202204,1396.72,0.0097,0.1277,"Lake Havasu City-Kingman, AZ"
1210,Mohave County,AZ,202205,1398.67,0.0014,0.0998,"Lake Havasu City-Kingman, AZ"
1210,Mohave County,AZ,202206,1398.62,-0.0,0.0817,"Lake Havasu City-Kingman, AZ"
1210,Mohave County,AZ,202207,1402.94,0.0031,0.0988,"Lake Havasu City-Kingman, AZ"
1210,Mohave County,AZ,202208,1408.44,0.0039,0.1056,"Lake Havasu City-Kingman, AZ"
1210,Mohave County,AZ,202209,1415.6,0.0051,0.0943,"Lake Havasu City-Kingman, AZ"
1210,Mohave County,AZ,202210,1405.01,-0.0075,0.0653,"Lake Havasu City-Kingman, AZ"
1210,Mohave County,AZ,202211,1410.79,0.0041,0.0313,"Lake Havasu City-Kingman, AZ"
1210,Mohave County,AZ,202212,1410.03,-0.0005,0.0322,"Lake Havasu City-Kingman, AZ"
1210,Mohave County,AZ,202301,1418.67,0.0061,0.0345,"Lake Havasu City-Kingman, AZ"
1210,Mohave County,AZ,202302,1408.64,-0.0071,0.0323,"Lake Havasu City-Kingman, AZ"
1210,Mohave County,AZ,202303,1410.59,0.0014,0.0197,"Lake Havasu City-Kingman, AZ"
1210,Mohave County,AZ,202304,1417.25,0.0047,0.0147,"Lake Havasu City-Kingman, AZ"
1210,Mohave County,AZ,202305,1418.21,0.0007,0.014,"Lake Havasu City-Kingman, AZ"
1210,Mohave County,AZ,202306,1416.61,-0.0011,0.0129,"Lake Havasu City-Kingman, AZ"
1210,Mohave County,AZ,202307,1422.08,0.0039,0.0136,"Lake Havasu City-Kingman, AZ"
1210,Mohave County,AZ,202308,1429.38,0.0051,0.0149,"Lake Havasu City-Kingman, AZ"
1210,Mohave County,AZ,202309,1435.08,0.004,0.0138,"Lake Havasu City-Kingman, AZ"
1210,Mohave County,AZ,202310,1440.28,0.0036,0.0251,"Lake Havasu City-Kingman, AZ"
1210,Mohave County,AZ,202311,1439.49,-0.0005,0.0203,"Lake Havasu City-Kingman, AZ"
1210,Mohave County,AZ,202312,1436.88,-0.0018,0.019,"Lake Havasu City-Kingman, AZ"
1210,Mohave County,AZ,202401,1438.28,0.001,0.0138,"Lake Havasu City-Kingman, AZ"
1210,Mohave County,AZ,202402,1444.5,0.0043,0.0255,"Lake Havasu City-Kingman, AZ"
1210,Mohave County,AZ,202403,1461.0,0.0114,0.0357,"Lake Havasu City-Kingman, AZ"
1210,Mohave County,AZ,202404,1466.1,0.0035,0.0345,"Lake Havasu City-Kingman, AZ"
1210,Mohave County,AZ,202405,1470.15,0.0028,0.0366,"Lake Havasu City-Kingman, AZ"
1210,Mohave County,AZ,202406,1468.65,-0.001,0.0367,"Lake Havasu City-Kingman, AZ"
1210,Mohave County,AZ,202407,1469.62,0.0007,0.0334,"Lake Havasu City-Kingman, AZ"
1210,Mohave County,AZ,202408,1472.8,0.0022,0.0304,"Lake Havasu City-Kingman, AZ"
1210,Mohave County,AZ,202409,1482.01,0.0063,0.0327,"Lake Havasu City-Kingman, AZ"
1210,Mohave County,AZ,202410,1490.63,0.0058,0.035,"Lake Havasu City-Kingman, AZ"
1210,Mohave County,AZ,202411,1489.42,-0.0008,0.0347,"Lake Havasu City-Kingman, AZ"
1210,Mohave County,AZ,202412,1485.47,-0.0026,0.0338,"Lake Havasu City-Kingman, AZ"
1210,Mohave County,AZ,202501,1484.25,-0.0008,0.032,"Lake Havasu City-Kingman, AZ"
1210,Mohave County,AZ,202502,1495.63,0.0077,0.0354,"Lake Havasu City-Kingman, AZ"
1210,Mohave County,AZ,202503,1504.65,0.006,0.0299,"Lake Havasu City-Kingman, AZ"
1210,Mohave County,AZ,202504,1502.65,-0.0013,0.0249,"Lake Havasu City-Kingman, AZ"
1210,Mohave County,AZ,202505,1498.64,-0.0027,0.0194,"Lake Havasu City-Kingman, AZ"
1210,Mohave County,AZ,202506,1498.88,0.0002,0.0206,"Lake Havasu City-Kingman, AZ"
1210,Mohave County,AZ,202507,1507.71,0.0059,0.0259,"Lake Havasu City-Kingman, AZ"
1210,Mohave County,AZ,202508,1510.05,0.0015,0.0253,"Lake Havasu City-Kingman, AZ"
1210,Mohave County,AZ,202509,1502.71,-0.0049,0.014,"Lake Havasu City-Kingman, AZ"
1210,Mohave County,AZ,202510,1504.98,0.0015,0.0096,"Lake Havasu City-Kingman, AZ"
1210,Mohave County,AZ,202511,1502.61,-0.0016,0.0089,"Lake Havasu City-Kingman, AZ"
1210,Mohave County,AZ,202512,1508.4,0.0039,0.0154,"Lake Havasu City-Kingman, AZ"
1210,Mohave County,AZ,202601,1506.49,-0.0013,0.015,"Lake Havasu City-Kingman, AZ"
1210,Mohave County,AZ,202602,1509.55,0.002,0.0093,"Lake Havasu City-Kingman, AZ"
1210,Mohave County,AZ,202603,1515.79,0.0041,0.0074,"Lake Havasu City-Kingman, AZ"
1210,Mohave County,AZ,202604,1525.44,0.0064,0.0152,"Lake Havasu City-Kingman, AZ"
1210,Mohave County,AZ,202605,1527.93,0.0016,0.0195,"Lake Havasu City-Kingman, AZ"
1210,Mohave County,AZ,202606,1528.65,0.0005,0.0199,"Lake Havasu City-Kingman, AZ"
1210,Mohave County,AZ,202607,1521.58,-0.0046,0.0092,"Lake Havasu City-Kingman, AZ"
1210,Mohave County,AZ,202608,1531.94,0.0068,0.0145,"Lake Havasu City-Kingman, AZ"
1253,Navajo County,AZ,202503,1665.25,,,"Show Low, AZ"
1253,Navajo County,AZ,202504,1694.98,0.0179,,"Show Low, AZ"
1253,Navajo County,AZ,202505,1707.6,0.0074,,"Show Low, AZ"
1253,Navajo County,AZ,202506,1728.35,0.0122,,"Show Low, AZ"
1253,Navajo County,AZ,202507,1742.77,0.0083,,"Show Low, AZ"
1253,Navajo County,AZ,202508,1723.61,-0.011,,"Show Low, AZ"
1253,Navajo County,AZ,202509,1728.78,0.003,,"Show Low, AZ"
1253,Navajo County,AZ,202510,1708.55,-0.0117,,"Show Low, AZ"
1253,Navajo County,AZ,202511,1717.62,0.0053,,"Show Low, AZ"
1253,Navajo County,AZ,202512,1675.05,-0.0248,,"Show Low, AZ"
1253,Navajo County,AZ,202601,1712.88,0.0226,,"Show Low, AZ"
1253,Navajo County,AZ,202602,1690.81,-0.0129,,"Show Low, AZ"
1253,Navajo County,AZ,202603,1737.48,0.0276,0.0434,"Show Low, AZ"
1253,Navajo County,AZ,202604,1714.78,-0.0131,0.0117,"Show Low, AZ"
1253,Navajo County,AZ,202605,1750.54,0.0209,0.0251,"Show Low, AZ"
1253,Navajo County,AZ,202606,1749.09,-0.0008,0.012,"Show Low, AZ"
1253,Navajo County,AZ,202607,1775.19,0.0149,0.0186,"Show Low, AZ"
1253,Navajo County,AZ,202608,1767.94,-0.0041,0.0257,"Show Low, AZ"
1634,Cochise County,AZ,202112,1097.1,,,"Sierra Vista-Douglas, AZ"
1634,Cochise County,AZ,202201,1070.83,-0.0239,,"Sierra Vista-Douglas, AZ"
1634,Cochise County,AZ,202202,1076.31,0.0051,,"Sierra Vista-Douglas, AZ"
1634,Cochise County,AZ,202203,1091.48,0.0141,,"Sierra Vista-Douglas, AZ"
1634,Cochise County,AZ,202204,1116.46,0.0229,,"Sierra Vista-Douglas, AZ"
1634,Cochise County,AZ,202205,1096.97,-0.0175,,"Sierra Vista-Douglas, AZ"
1634,Cochise County,AZ,202206,1093.26,-0.0034,,"Sierra Vista-Douglas, AZ"
1634,Cochise County,AZ,202207,1089.89,-0.0031,,"Sierra Vista-Douglas, AZ"
1634,Cochise County,AZ,202208,1112.88,0.0211,,"Sierra Vista-Douglas, AZ"
1634,Cochise County,AZ,202209,1110.64,-0.002,,"Sierra Vista-Douglas, AZ"
1634,Cochise County,AZ,202210,1122.15,0.0104,,"Sierra Vista-Douglas, AZ"
1634,Cochise County,AZ,202211,1115.23,-0.0062,,"Sierra Vista-Douglas, AZ"
1634,Cochise County,AZ,202212,1146.86,0.0284,0.0454,"Sierra Vista-Douglas, AZ"
1634,Cochise County,AZ,202301,1168.78,0.0191,0.0915,"Sierra Vista-Douglas, AZ"
1634,Cochise County,AZ,202302,1192.83,0.0206,0.1083,"Sierra Vista-Douglas, AZ"
1634,Cochise County,AZ,202303,1168.74,-0.0202,0.0708,"Sierra Vista-Douglas, AZ"
1634,Cochise County,AZ,202304,1161.4,-0.0063,0.0403,"Sierra Vista-Douglas, AZ"
1634,Cochise County,AZ,202305,1160.06,-0.0012,0.0575,"Sierra Vista-Douglas, AZ"
1634,Cochise County,AZ,202306,1166.65,0.0057,0.0671,"Sierra Vista-Douglas, AZ"
1634,Cochise County,AZ,202307,1161.1,-0.0048,0.0653,"Sierra Vista-Douglas, AZ"
1634,Cochise County,AZ,202308,1156.62,-0.0039,0.0393,"Sierra Vista-Douglas, AZ"
1634,Cochise County,AZ,202309,1166.89,0.0089,0.0506,"Sierra Vista-Douglas, AZ"
1634,Cochise County,AZ,202310,1168.15,0.0011,0.041,"Sierra Vista-Douglas, AZ"
1634,Cochise County,AZ,202311,1172.09,0.0034,0.051,"Sierra Vista-Douglas, AZ"
1634,Cochise County,AZ,202312,1178.39,0.0054,0.0275,"Sierra Vista-Douglas, AZ"
1634,Cochise County,AZ,202401,1192.72,0.0122,0.0205,"Sierra Vista-Douglas, AZ"
1634,Cochise County,AZ,202402,1205.1,0.0104,0.0103,"Sierra Vista-Douglas, AZ"
1634,Cochise County,AZ,202403,1203.53,-0.0013,0.0298,"Sierra Vista-Douglas, AZ"
1634,Cochise County,AZ,202404,1195.82,-0.0064,0.0296,"Sierra Vista-Douglas, AZ"
1634,Cochise County,AZ,202405,1187.45,-0.007,0.0236,"Sierra Vista-Douglas, AZ"
1634,Cochise County,AZ,202406,1198.23,0.0091,0.0271,"Sierra Vista-Douglas, AZ"
1634,Cochise County,AZ,202407,1208.54,0.0086,0.0409,"Sierra Vista-Douglas, AZ"
1634,Cochise County,AZ,202408,1223.24,0.0122,0.0576,"Sierra Vista-Douglas, AZ"
1634,Cochise County,AZ,202409,1210.69,-0.0103,0.0375,"Sierra Vista-Douglas, AZ"
1634,Cochise County,AZ,202410,1212.45,0.0015,0.0379,"Sierra Vista-Douglas, AZ"
1634,Cochise County,AZ,202411,1207.31,-0.0042,0.03,"Sierra Vista-Douglas, AZ"
1634,Cochise County,AZ,202412,1210.15,0.0024,0.027,"Sierra Vista-Douglas, AZ"
1634,Cochise County,AZ,202501,1216.0,0.0048,0.0195,"Sierra Vista-Douglas, AZ"
1634,Cochise County,AZ,202502,1220.66,0.0038,0.0129,"Sierra Vista-Douglas, AZ"
1634,Cochise County,AZ,202503,1234.51,0.0113,0.0257,"Sierra Vista-Douglas, AZ"
1634,Cochise County,AZ,202504,1227.58,-0.0056,0.0266,"Sierra Vista-Douglas, AZ"
1634,Cochise County,AZ,202505,1238.37,0.0088,0.0429,"Sierra Vista-Douglas, AZ"
1634,Cochise County,AZ,202506,1245.18,0.0055,0.0392,"Sierra Vista-Douglas, AZ"
1634,Cochise County,AZ,202507,1256.48,0.0091,0.0397,"Sierra Vista-Douglas, AZ"
1634,Cochise County,AZ,202508,1253.94,-0.002,0.0251,"Sierra Vista-Douglas, AZ"
1634,Cochise County,AZ,202509,1257.08,0.0025,0.0383,"Sierra Vista-Douglas, AZ"
1634,Cochise County,AZ,202510,1253.89,-0.0025,0.0342,"Sierra Vista-Douglas, AZ"
1634,Cochise County,AZ,202511,1255.75,0.0015,0.0401,"Sierra Vista-Douglas, AZ"
1634,Cochise County,AZ,202512,1249.57,-0.0049,0.0326,"Sierra Vista-Douglas, AZ"
1634,Cochise County,AZ,202601,1249.38,-0.0001,0.0275,"Sierra Vista-Douglas, AZ"
1634,Cochise County,AZ,202602,1245.64,-0.003,0.0205,"Sierra Vista-Douglas, AZ"
1634,Cochise County,AZ,202603,1247.24,0.0013,0.0103,"Sierra Vista-Douglas, AZ"
1634,Cochise County,AZ,202604,1255.86,0.0069,0.023,"Sierra Vista-Douglas, AZ"
1634,Cochise County,AZ,202605,1269.58,0.0109,0.0252,"Sierra Vista-Douglas, AZ"
1634,Cochise County,AZ,202606,1269.19,-0.0003,0.0193,"Sierra Vista-Douglas, AZ"
1634,Cochise County,AZ,202607,1280.5,0.0089,0.0191,"Sierra Vista-Douglas, AZ"
1634,Cochise County,AZ,202608,1290.81,0.008,0.0294,"Sierra Vista-Douglas, AZ"
2112,Yavapai County,AZ,201501,940.95,,,"Prescott Valley-Prescott, AZ"
2112,Yavapai County,AZ,201502,947.93,0.0074,,"Prescott Valley-Prescott, AZ"
2112,Yavapai County,AZ,201503,955.17,0.0076,,"Prescott Valley-Prescott, AZ"
2112,Yavapai County,AZ,201504,957.58,0.0025,,"Prescott Valley-Prescott, AZ"
2112,Yavapai County,AZ,201505,959.11,0.0016,,"Prescott Valley-Prescott, AZ"
2112,Yavapai County,AZ,201506,971.15,0.0126,,"Prescott Valley-Prescott, AZ"
2112,Yavapai County,AZ,201507,983.54,0.0128,,"Prescott Valley-Prescott, AZ"
2112,Yavapai County,AZ,201508,1001.56,0.0183,,"Prescott Valley-Prescott, AZ"
2112,Yavapai County,AZ,201509,1001.4,-0.0002,,"Prescott Valley-Prescott, AZ"
2112,Yavapai County,AZ,201510,1007.77,0.0064,,"Prescott Valley-Prescott, AZ"
2112,Yavapai County,AZ,201511,995.96,-0.0117,,"Prescott Valley-Prescott, AZ"
2112,Yavapai County,AZ,201512,993.79,-0.0022,,"Prescott Valley-Prescott, AZ"
2112,Yavapai County,AZ,201601,997.24,0.0035,0.0598,"Prescott Valley-Prescott, AZ"
2112,Yavapai County,AZ,201602,1006.82,0.0096,0.0621,"Prescott Valley-Prescott, AZ"
2112,Yavapai County,AZ,201603,1016.8,0.0099,0.0645,"Prescott Valley-Prescott, AZ"
2112,Yavapai County,AZ,201604,1022.7,0.0058,0.068,"Prescott Valley-Prescott, AZ"
2112,Yavapai County,AZ,201605,1027.95,0.0051,0.0718,"Prescott Valley-Prescott, AZ"
2112,Yavapai County,AZ,201606,1037.85,0.0096,0.0687,"Prescott Valley-Prescott, AZ"
2112,Yavapai County,AZ,201607,1038.14,0.0003,0.0555,"Prescott Valley-Prescott, AZ"
2112,Yavapai County,AZ,201608,1050.62,0.012,0.049,"Prescott Valley-Prescott, AZ"
2112,Yavapai County,AZ,201609,1050.69,0.0001,0.0492,"Prescott Valley-Prescott, AZ"
2112,Yavapai County,AZ,201610,1061.07,0.0099,0.0529,"Prescott Valley-Prescott, AZ"
2112,Yavapai County,AZ,201611,1059.74,-0.0013,0.064,"Prescott Valley-Prescott, AZ"
2112,Yavapai County,AZ,201612,1067.06,0.0069,0.0737,"Prescott Valley-Prescott, AZ"
2112,Yavapai County,AZ,201701,1071.11,0.0038,0.0741,"Prescott Valley-Prescott, AZ"
2112,Yavapai County,AZ,201702,1073.14,0.0019,0.0659,"Prescott Valley-Prescott, AZ"
2112,Yavapai County,AZ,201703,1074.85,0.0016,0.0571,"Prescott Valley-Prescott, AZ"
2112,Yavapai County,AZ,201704,1086.79,0.0111,0.0627,"Prescott Valley-Prescott, AZ"
2112,Yavapai County,AZ,201705,1097.62,0.01,0.0678,"Prescott Valley-Prescott, AZ"
2112,Yavapai County,AZ,201706,1108.46,0.0099,0.068,"Prescott Valley-Prescott, AZ"
2112,Yavapai County,AZ,201707,1114.42,0.0054,0.0735,"Prescott Valley-Prescott, AZ"
2112,Yavapai County,AZ,201708,1122.74,0.0075,0.0686,"Prescott Valley-Prescott, AZ"
2112,Yavapai County,AZ,201709,1127.83,0.0045,0.0734,"Prescott Valley-Prescott, AZ"
2112,Yavapai County,AZ,201710,1128.89,0.0009,0.0639,"Prescott Valley-Prescott, AZ"
2112,Yavapai County,AZ,201711,1137.92,0.008,0.0738,"Prescott Valley-Prescott, AZ"
2112,Yavapai County,AZ,201712,1139.65,0.0015,0.068,"Prescott Valley-Prescott, AZ"
2112,Yavapai County,AZ,201801,1142.95,0.0029,0.0671,"Prescott Valley-Prescott, AZ"
2112,Yavapai County,AZ,201802,1149.99,0.0062,0.0716,"Prescott Valley-Prescott, AZ"
2112,Yavapai County,AZ,201803,1164.63,0.0127,0.0835,"Prescott Valley-Prescott, AZ"
2112,Yavapai County,AZ,201804,1174.01,0.0081,0.0803,"Prescott Valley-Prescott, AZ"
2112,Yavapai County,AZ,201805,1179.66,0.0048,0.0747,"Prescott Valley-Prescott, AZ"
2112,Yavapai County,AZ,201806,1186.2,0.0055,0.0701,"Prescott Valley-Prescott, AZ"
2112,Yavapai County,AZ,201807,1202.15,0.0134,0.0787,"Prescott Valley-Prescott, AZ"
2112,Yavapai County,AZ,201808,1207.6,0.0045,0.0756,"Prescott Valley-Prescott, AZ"
2112,Yavapai County,AZ,201809,1209.18,0.0013,0.0721,"Prescott Valley-Prescott, AZ"
2112,Yavapai County,AZ,201810,1210.2,0.0008,0.072,"Prescott Valley-Prescott, AZ"
2112,Yavapai County,AZ,201811,1201.22,-0.0074,0.0556,"Prescott Valley-Prescott, AZ"
2112,Yavapai County,AZ,201812,1200.65,-0.0005,0.0535,"Prescott Valley-Prescott, AZ"
2112,Yavapai County,AZ,201901,1200.04,-0.0005,0.05,"Prescott Valley-Prescott, AZ"
2112,Yavapai County,AZ,201902,1221.89,0.0182,0.0625,"Prescott Valley-Prescott, AZ"
2112,Yavapai County,AZ,201903,1232.73,0.0089,0.0585,"Prescott Valley-Prescott, AZ"
2112,Yavapai County,AZ,201904,1247.55,0.012,0.0626,"Prescott Valley-Prescott, AZ"
2112,Yavapai County,AZ,201905,1254.79,0.0058,0.0637,"Prescott Valley-Prescott, AZ"
2112,Yavapai County,AZ,201906,1268.02,0.0105,0.069,"Prescott Valley-Prescott, AZ"
2112,Yavapai County,AZ,201907,1265.91,-0.0017,0.053,"Prescott Valley-Prescott, AZ"
2112,Yavapai County,AZ,201908,1267.81,0.0015,0.0499,"Prescott Valley-Prescott, AZ"
2112,Yavapai County,AZ,201909,1267.77,-0.0,0.0484,"Prescott Valley-Prescott, AZ"
2112,Yavapai County,AZ,201910,1271.34,0.0028,0.0505,"Prescott Valley-Prescott, AZ"
2112,Yavapai County,AZ,201911,1276.09,0.0037,0.0623,"Prescott Valley-Prescott, AZ"
2112,Yavapai County,AZ,201912,1281.71,0.0044,0.0675,"Prescott Valley-Prescott, AZ"
2112,Yavapai County,AZ,202001,1290.4,0.0068,0.0753,"Prescott Valley-Prescott, AZ"
2112,Yavapai County,AZ,202002,1304.2,0.0107,0.0674,"Prescott Valley-Prescott, AZ"
2112,Yavapai County,AZ,202003,1309.43,0.004,0.0622,"Prescott Valley-Prescott, AZ"
2112,Yavapai County,AZ,202004,1302.67,-0.0052,0.0442,"Prescott Valley-Prescott, AZ"
2112,Yavapai County,AZ,202005,1295.37,-0.0056,0.0323,"Prescott Valley-Prescott, AZ"
2112,Yavapai County,AZ,202006,1305.79,0.008,0.0298,"Prescott Valley-Prescott, AZ"
2112,Yavapai County,AZ,202007,1326.57,0.0159,0.0479,"Prescott Valley-Prescott, AZ"
2112,Yavapai County,AZ,202008,1337.15,0.008,0.0547,"Prescott Valley-Prescott, AZ"
2112,Yavapai County,AZ,202009,1346.62,0.0071,0.0622,"Prescott Valley-Prescott, AZ"
2112,Yavapai County,AZ,202010,1355.99,0.007,0.0666,"Prescott Valley-Prescott, AZ"
2112,Yavapai County,AZ,202011,1378.97,0.017,0.0806,"Prescott Valley-Prescott, AZ"
2112,Yavapai County,AZ,202012,1378.95,-0.0,0.0759,"Prescott Valley-Prescott, AZ"
2112,Yavapai County,AZ,202101,1387.34,0.0061,0.0751,"Prescott Valley-Prescott, AZ"
2112,Yavapai County,AZ,202102,1417.68,0.0219,0.087,"Prescott Valley-Prescott, AZ"
2112,Yavapai County,AZ,202103,1463.08,0.032,0.1173,"Prescott Valley-Prescott, AZ"
2112,Yavapai County,AZ,202104,1510.91,0.0327,0.1599,"Prescott Valley-Prescott, AZ"
2112,Yavapai County,AZ,202105,1526.3,0.0102,0.1783,"Prescott Valley-Prescott, AZ"
2112,Yavapai County,AZ,202106,1548.18,0.0143,0.1856,"Prescott Valley-Prescott, AZ"
2112,Yavapai County,AZ,202107,1577.75,0.0191,0.1894,"Prescott Valley-Prescott, AZ"
2112,Yavapai County,AZ,202108,1598.49,0.0131,0.1954,"Prescott Valley-Prescott, AZ"
2112,Yavapai County,AZ,202109,1627.85,0.0184,0.2088,"Prescott Valley-Prescott, AZ"
2112,Yavapai County,AZ,202110,1640.5,0.0078,0.2098,"Prescott Valley-Prescott, AZ"
2112,Yavapai County,AZ,202111,1659.47,0.0116,0.2034,"Prescott Valley-Prescott, AZ"
2112,Yavapai County,AZ,202112,1659.11,-0.0002,0.2032,"Prescott Valley-Prescott, AZ"
2112,Yavapai County,AZ,202201,1658.59,-0.0003,0.1955,"Prescott Valley-Prescott, AZ"
2112,Yavapai County,AZ,202202,1659.08,0.0003,0.1703,"Prescott Valley-Prescott, AZ"
2112,Yavapai County,AZ,202203,1682.95,0.0144,0.1503,"Prescott Valley-Prescott, AZ"
2112,Yavapai County,AZ,202204,1726.59,0.0259,0.1427,"Prescott Valley-Prescott, AZ"
2112,Yavapai County,AZ,202205,1765.37,0.0225,0.1566,"Prescott Valley-Prescott, AZ"
2112,Yavapai County,AZ,202206,1784.0,0.0106,0.1523,"Prescott Valley-Prescott, AZ"
2112,Yavapai County,AZ,202207,1774.27,-0.0055,0.1246,"Prescott Valley-Prescott, AZ"
2112,Yavapai County,AZ,202208,1773.54,-0.0004,0.1095,"Prescott Valley-Prescott, AZ"
2112,Yavapai County,AZ,202209,1762.91,-0.006,0.083,"Prescott Valley-Prescott, AZ"
2112,Yavapai County,AZ,202210,1752.18,-0.0061,0.0681,"Prescott Valley-Prescott, AZ"
2112,Yavapai County,AZ,202211,1735.42,-0.0096,0.0458,"Prescott Valley-Prescott, AZ"
2112,Yavapai County,AZ,202212,1730.27,-0.003,0.0429,"Prescott Valley-Prescott, AZ"
2112,Yavapai County,AZ,202301,1729.31,-0.0006,0.0426,"Prescott Valley-Prescott, AZ"
2112,Yavapai County,AZ,202302,1745.46,0.0093,0.0521,"Prescott Valley-Prescott, AZ"
2112,Yavapai County,AZ,202303,1756.92,0.0066,0.0439,"Prescott Valley-Prescott, AZ"
2112,Yavapai County,AZ,202304,1774.34,0.0099,0.0277,"Prescott Valley-Prescott, AZ"
2112,Yavapai County,AZ,202305,1776.0,0.0009,0.006,"Prescott Valley-Prescott, AZ"
2112,Yavapai County,AZ,202306,1773.92,-0.0012,-0.0056,"Prescott Valley-Prescott, AZ"
2112,Yavapai County,AZ,202307,1777.86,0.0022,0.002,"Prescott Valley-Prescott, AZ"
2112,Yavapai County,AZ,202308,1775.91,-0.0011,0.0013,"Prescott Valley-Prescott, AZ"
2112,Yavapai County,AZ,202309,1778.76,0.0016,0.009,"Prescott Valley-Prescott, AZ"
2112,Yavapai County,AZ,202310,1780.29,0.0009,0.016,"Prescott Valley-Prescott, AZ"
2112,Yavapai County,AZ,202311,1769.43,-0.0061,0.0196,"Prescott Valley-Prescott, AZ"
2112,Yavapai County,AZ,202312,1771.11,0.0009,0.0236,"Prescott Valley-Prescott, AZ"
2112,Yavapai County,AZ,202401,1764.02,-0.004,0.0201,"Prescott Valley-Prescott, AZ"
2112,Yavapai County,AZ,202402,1784.15,0.0114,0.0222,"Prescott Valley-Prescott, AZ"
2112,Yavapai County,AZ,202403,1796.9,0.0071,0.0228,"Prescott Valley-Prescott, AZ"
2112,Yavapai County,AZ,202404,1808.93,0.0067,0.0195,"Prescott Valley-Prescott, AZ"
2112,Yavapai County,AZ,202405,1811.45,0.0014,0.02,"Prescott Valley-Prescott, AZ"
2112,Yavapai County,AZ,202406,1798.1,-0.0074,0.0136,"Prescott Valley-Prescott, AZ"
2112,Yavapai County,AZ,202407,1794.14,-0.0022,0.0092,"Prescott Valley-Prescott, AZ"
2112,Yavapai County,AZ,202408,1797.65,0.002,0.0122,"Prescott Valley-Prescott, AZ"
2112,Yavapai County,AZ,202409,1816.53,0.0105,0.0212,"Prescott Valley-Prescott, AZ"
2112,Yavapai County,AZ,202410,1821.65,0.0028,0.0232,"Prescott Valley-Prescott, AZ"
2112,Yavapai County,AZ,202411,1811.14,-0.0058,0.0236,"Prescott Valley-Prescott, AZ"
2112,Yavapai County,AZ,202412,1808.07,-0.0017,0.0209,"Prescott Valley-Prescott, AZ"
2112,Yavapai County,AZ,202501,1813.39,0.0029,0.028,"Prescott Valley-Prescott, AZ"
2112,Yavapai County,AZ,202502,1825.47,0.0067,0.0232,"Prescott Valley-Prescott, AZ"
2112,Yavapai County,AZ,202503,1831.66,0.0034,0.0193,"Prescott Valley-Prescott, AZ"
2112,Yavapai County,AZ,202504,1842.76,0.0061,0.0187,"Prescott Valley-Prescott, AZ"
2112,Yavapai County,AZ,202505,1856.75,0.0076,0.025,"Prescott Valley-Prescott, AZ"
2112,Yavapai County,AZ,202506,1869.43,0.0068,0.0397,"Prescott Valley-Prescott, AZ"
2112,Yavapai County,AZ,202507,1865.83,-0.0019,0.04,"Prescott Valley-Prescott, AZ"
2112,Yavapai County,AZ,202508,1859.89,-0.0032,0.0346,"Prescott Valley-Prescott, AZ"
2112,Yavapai County,AZ,202509,1857.41,-0.0013,0.0225,"Prescott Valley-Prescott, AZ"
2112,Yavapai County,AZ,202510,1856.8,-0.0003,0.0193,"Prescott Valley-Prescott, AZ"
2112,Yavapai County,AZ,202511,1855.34,-0.0008,0.0244,"Prescott Valley-Prescott, AZ"
2112,Yavapai County,AZ,202512,1854.21,-0.0006,0.0255,"Prescott Valley-Prescott, AZ"
2112,Yavapai County,AZ,202601,1853.78,-0.0002,0.0223,"Prescott Valley-Prescott, AZ"
2112,Yavapai County,AZ,202602,1850.21,-0.0019,0.0135,"Prescott Valley-Prescott, AZ"
2112,Yavapai County,AZ,202603,1845.81,-0.0024,0.0077,"Prescott Valley-Prescott, AZ"
2112,Yavapai County,AZ,202604,1846.5,0.0004,0.002,"Prescott Valley-Prescott, AZ"
2112,Yavapai County,AZ,202605,1862.85,0.0089,0.0033,"Prescott Valley-Prescott, AZ"
2112,Yavapai County,AZ,202606,1870.08,0.0039,0.0003,"Prescott Valley-Prescott, AZ"
2112,Yavapai County,AZ,202607,1882.53,0.0067,0.009,"Prescott Valley-Prescott, AZ"
2112,Yavapai County,AZ,202608,1876.11,-0.0034,0.0087,"Prescott Valley-Prescott, AZ"
2207,Coconino County,AZ,201802,1305.6,,,"Flagstaff, AZ"
2207,Coconino County,AZ,201803,1356.07,0.0387,,"Flagstaff, AZ"
2207,Coconino County,AZ,201804,1420.49,0.0475,,"Flagstaff, AZ"
2207,Coconino County,AZ,201805,1435.53,0.0106,,"Flagstaff, AZ"
2207,Coconino County,AZ,201806,1444.8,0.0065,,"Flagstaff, AZ"
2207,Coconino County,AZ,201807,1465.32,0.0142,,"Flagstaff, AZ"
2207,Coconino County,AZ,201808,1467.18,0.0013,,"Flagstaff, AZ"
2207,Coconino County,AZ,201809,1461.83,-0.0036,,"Flagstaff, AZ"
2207,Coconino County,AZ,201810,1431.73,-0.0206,,"Flagstaff, AZ"
2207,Coconino County,AZ,201811,1418.18,-0.0095,,"Flagstaff, AZ"
2207,Coconino County,AZ,201812,1418.83,0.0005,,"Flagstaff, AZ"
2207,Coconino County,AZ,201901,1410.46,-0.0059,,"Flagstaff, AZ"
2207,Coconino County,AZ,201902,1417.8,0.0052,0.0859,"Flagstaff, AZ"
2207,Coconino County,AZ,201903,1417.45,-0.0002,0.0453,"Flagstaff, AZ"
2207,Coconino County,AZ,201904,1443.45,0.0183,0.0162,"Flagstaff, AZ"
2207,Coconino County,AZ,201905,1478.43,0.0242,0.0299,"Flagstaff, AZ"
2207,Coconino County,AZ,201906,1482.91,0.003,0.0264,"Flagstaff, AZ"
2207,Coconino County,AZ,201907,1491.06,0.0055,0.0176,"Flagstaff, AZ"
2207,Coconino County,AZ,201908,1484.71,-0.0043,0.0119,"Flagstaff, AZ"
2207,Coconino County,AZ,201909,1489.12,0.003,0.0187,"Flagstaff, AZ"
2207,Coconino County,AZ,201910,1466.67,-0.0151,0.0244,"Flagstaff, AZ"
2207,Coconino County,AZ,201911,1454.28,-0.0085,0.0255,"Flagstaff, AZ"
2207,Coconino County,AZ,201912,1454.52,0.0002,0.0252,"Flagstaff, AZ"
2207,Coconino County,AZ,202001,1468.26,0.0095,0.041,"Flagstaff, AZ"
2207,Coconino County,AZ,202002,1480.1,0.0081,0.0439,"Flagstaff, AZ"
2207,Coconino County,AZ,202003,1478.11,-0.0013,0.0428,"Flagstaff, AZ"
2207,Coconino County,AZ,202004,1490.02,0.0081,0.0323,"Flagstaff, AZ"
2207,Coconino County,AZ,202005,1513.67,0.0159,0.0238,"Flagstaff, AZ"
2207,Coconino County,AZ,202006,1539.24,0.0169,0.038,"Flagstaff, AZ"
2207,Coconino County,AZ,202007,1565.0,0.0167,0.0496,"Flagstaff, AZ"
2207,Coconino County,AZ,202008,1563.35,-0.0011,0.053,"Flagstaff, AZ"
2207,Coconino County,AZ,202009,1563.01,-0.0002,0.0496,"Flagstaff, AZ"
2207,Coconino County,AZ,202010,1559.76,-0.0021,0.0635,"Flagstaff, AZ"
2207,Coconino County,AZ,202011,1541.55,-0.0117,0.06,"Flagstaff, AZ"
2207,Coconino County,AZ,202012,1555.35,0.009,0.0693,"Flagstaff, AZ"
2207,Coconino County,AZ,202101,1570.45,0.0097,0.0696,"Flagstaff, AZ"
2207,Coconino County,AZ,202102,1610.81,0.0257,0.0883,"Flagstaff, AZ"
2207,Coconino County,AZ,202103,1634.85,0.0149,0.106,"Flagstaff, AZ"
2207,Coconino County,AZ,202104,1654.96,0.0123,0.1107,"Flagstaff, AZ"
2207,Coconino County,AZ,202105,1672.27,0.0105,0.1048,"Flagstaff, AZ"
2207,Coconino County,AZ,202106,1699.99,0.0166,0.1044,"Flagstaff, AZ"
2207,Coconino County,AZ,202107,1718.15,0.0107,0.0979,"Flagstaff, AZ"
2207,Coconino County,AZ,202108,1746.95,0.0168,0.1174,"Flagstaff, AZ"
2207,Coconino County,AZ,202109,1790.78,0.0251,0.1457,"Flagstaff, AZ"
2207,Coconino County,AZ,202110,1825.68,0.0195,0.1705,"Flagstaff, AZ"
2207,Coconino County,AZ,202111,1862.23,0.02,0.208,"Flagstaff, AZ"
2207,Coconino County,AZ,202112,1878.98,0.009,0.2081,"Flagstaff, AZ"
2207,Coconino County,AZ,202201,1934.07,0.0293,0.2315,"Flagstaff, AZ"
2207,Coconino County,AZ,202202,1943.82,0.005,0.2067,"Flagstaff, AZ"
2207,Coconino County,AZ,202203,1957.63,0.0071,0.1974,"Flagstaff, AZ"
2207,Coconino County,AZ,202204,1964.72,0.0036,0.1872,"Flagstaff, AZ"
2207,Coconino County,AZ,202205,1979.87,0.0077,0.1839,"Flagstaff, AZ"
2207,Coconino County,AZ,202206,1986.83,0.0035,0.1687,"Flagstaff, AZ"
2207,Coconino County,AZ,202207,1998.01,0.0056,0.1629,"Flagstaff, AZ"
2207,Coconino County,AZ,202208,2012.53,0.0073,0.152,"Flagstaff, AZ"
2207,Coconino County,AZ,202209,2053.51,0.0204,0.1467,"Flagstaff, AZ"
2207,Coconino County,AZ,202210,2041.1,-0.006,0.118,"Flagstaff, AZ"
2207,Coconino County,AZ,202211,2046.58,0.0027,0.099,"Flagstaff, AZ"
2207,Coconino County,AZ,202212,1994.32,-0.0255,0.0614,"Flagstaff, AZ"
2207,Coconino County,AZ,202301,1987.02,-0.0037,0.0274,"Flagstaff, AZ"
2207,Coconino County,AZ,202302,1985.99,-0.0005,0.0217,"Flagstaff, AZ"
2207,Coconino County,AZ,202303,2025.3,0.0198,0.0346,"Flagstaff, AZ"
2207,Coconino County,AZ,202304,2057.4,0.0159,0.0472,"Flagstaff, AZ"
2207,Coconino County,AZ,202305,2072.32,0.0072,0.0467,"Flagstaff, AZ"
2207,Coconino County,AZ,202306,2088.74,0.0079,0.0513,"Flagstaff, AZ"
2207,Coconino County,AZ,202307,2104.69,0.0076,0.0534,"Flagstaff, AZ"
2207,Coconino County,AZ,202308,2120.93,0.0077,0.0539,"Flagstaff, AZ"
2207,Coconino County,AZ,202309,2094.63,-0.0124,0.02,"Flagstaff, AZ"
2207,Coconino County,AZ,202310,2056.65,-0.0181,0.0076,"Flagstaff, AZ"
2207,Coconino County,AZ,202311,2051.32,-0.0026,0.0023,"Flagstaff, AZ"
2207,Coconino County,AZ,202312,2050.37,-0.0005,0.0281,"Flagstaff, AZ"
2207,Coconino County,AZ,202401,2056.51,0.003,0.035,"Flagstaff, AZ"
2207,Coconino County,AZ,202402,2048.0,-0.0041,0.0312,"Flagstaff, AZ"
2207,Coconino County,AZ,202403,2074.42,0.0129,0.0243,"Flagstaff, AZ"
2207,Coconino County,AZ,202404,2106.19,0.0153,0.0237,"Flagstaff, AZ"
2207,Coconino County,AZ,202405,2129.39,0.011,0.0275,"Flagstaff, AZ"
2207,Coconino County,AZ,202406,2139.7,0.0048,0.0244,"Flagstaff, AZ"
2207,Coconino County,AZ,202407,2137.1,-0.0012,0.0154,"Flagstaff, AZ"
2207,Coconino County,AZ,202408,2124.85,-0.0057,0.0018,"Flagstaff, AZ"
2207,Coconino County,AZ,202409,2106.47,-0.0086,0.0057,"Flagstaff, AZ"
2207,Coconino County,AZ,202410,2076.67,-0.0141,0.0097,"Flagstaff, AZ"
2207,Coconino County,AZ,202411,2071.82,-0.0023,0.01,"Flagstaff, AZ"
2207,Coconino County,AZ,202412,2071.91,0.0,0.0105,"Flagstaff, AZ"
2207,Coconino County,AZ,202501,2094.2,0.0108,0.0183,"Flagstaff, AZ"
2207,Coconino County,AZ,202502,2097.44,0.0015,0.0241,"Flagstaff, AZ"
2207,Coconino County,AZ,202503,2117.05,0.0093,0.0206,"Flagstaff, AZ"
2207,Coconino County,AZ,202504,2127.47,0.0049,0.0101,"Flagstaff, AZ"
2207,Coconino County,AZ,202505,2155.27,0.0131,0.0122,"Flagstaff, AZ"
2207,Coconino County,AZ,202506,2158.85,0.0017,0.009,"Flagstaff, AZ"
2207,Coconino County,AZ,202507,2173.02,0.0066,0.0168,"Flagstaff, AZ"
2207,Coconino County,AZ,202508,2175.99,0.0014,0.0241,"Flagstaff, AZ"
2207,Coconino County,AZ,202509,2152.59,-0.0108,0.0219,"Flagstaff, AZ"
2207,Coconino County,AZ,202510,2125.75,-0.0125,0.0236,"Flagstaff, AZ"
2207,Coconino County,AZ,202511,2105.09,-0.0097,0.0161,"Flagstaff, AZ"
2207,Coconino County,AZ,202512,2116.68,0.0055,0.0216,"Flagstaff, AZ"
2207,Coconino County,AZ,202601,2120.51,0.0018,0.0126,"Flagstaff, AZ"
2207,Coconino County,AZ,202602,2131.19,0.005,0.0161,"Flagstaff, AZ"
2207,Coconino County,AZ,202603,2146.83,0.0073,0.0141,"Flagstaff, AZ"
2207,Coconino County,AZ,202604,2157.69,0.0051,0.0142,"Flagstaff, AZ"
2207,Coconino County,AZ,202605,2192.34,0.0161,0.0172,"Flagstaff, AZ"
2207,Coconino County,AZ,202606,2189.18,-0.0014,0.014,"Flagstaff, AZ"
2207,Coconino County,AZ,202607,2198.69,0.0043,0.0118,"Flagstaff, AZ"
2207,Coconino County,AZ,202608,2158.08,-0.0185,-0.0082,"Flagstaff, AZ"
2402,Maricopa County,AZ,201501,905.49,,,"Phoenix-Mesa-Chandler, AZ"
2402,Maricopa County,AZ,201502,920.03,0.0161,,"Phoenix-Mesa-Chandler, AZ"
2402,Maricopa County,AZ,201503,926.96,0.0075,,"Phoenix-Mesa-Chandler, AZ"
2402,Maricopa County,AZ,201504,939.65,0.0137,,"Phoenix-Mesa-Chandler, AZ"
2402,Maricopa County,AZ,201505,940.0,0.0004,,"Phoenix-Mesa-Chandler, AZ"
2402,Maricopa County,AZ,201506,947.78,0.0083,,"Phoenix-Mesa-Chandler, AZ"
2402,Maricopa County,AZ,201507,947.94,0.0002,,"Phoenix-Mesa-Chandler, AZ"
2402,Maricopa County,AZ,201508,949.09,0.0012,,"Phoenix-Mesa-Chandler, AZ"
2402,Maricopa County,AZ,201509,951.74,0.0028,,"Phoenix-Mesa-Chandler, AZ"
2402,Maricopa County,AZ,201510,954.23,0.0026,,"Phoenix-Mesa-Chandler, AZ"
2402,Maricopa County,AZ,201511,957.91,0.0039,,"Phoenix-Mesa-Chandler, AZ"
2402,Maricopa County,AZ,201512,959.4,0.0016,,"Phoenix-Mesa-Chandler, AZ"
2402,Maricopa County,AZ,201601,964.54,0.0054,0.0652,"Phoenix-Mesa-Chandler, AZ"
2402,Maricopa County,AZ,201602,968.88,0.0045,0.0531,"Phoenix-Mesa-Chandler, AZ"
2402,Maricopa County,AZ,201603,975.83,0.0072,0.0527,"Phoenix-Mesa-Chandler, AZ"
2402,Maricopa County,AZ,201604,982.64,0.007,0.0457,"Phoenix-Mesa-Chandler, AZ"
2402,Maricopa County,AZ,201605,990.62,0.0081,0.0539,"Phoenix-Mesa-Chandler, AZ"
2402,Maricopa County,AZ,201606,997.48,0.0069,0.0524,"Phoenix-Mesa-Chandler, AZ"
2402,Maricopa County,AZ,201607,1001.34,0.0039,0.0563,"Phoenix-Mesa-Chandler, AZ"
2402,Maricopa County,AZ,201608,1003.13,0.0018,0.0569,"Phoenix-Mesa-Chandler, AZ"
2402,Maricopa County,AZ,201609,1003.93,0.0008,0.0548,"Phoenix-Mesa-Chandler, AZ"
2402,Maricopa County,AZ,201610,1003.55,-0.0004,0.0517,"Phoenix-Mesa-Chandler, AZ"
2402,Maricopa County,AZ,201611,1005.06,0.0015,0.0492,"Phoenix-Mesa-Chandler, AZ"
2402,Maricopa County,AZ,201612,1006.12,0.0011,0.0487,"Phoenix-Mesa-Chandler, AZ"
2402,Maricopa County,AZ,201701,1012.48,0.0063,0.0497,"Phoenix-Mesa-Chandler, AZ"
2402,Maricopa County,AZ,201702,1020.64,0.0081,0.0534,"Phoenix-Mesa-Chandler, AZ"
2402,Maricopa County,AZ,201703,1031.96,0.0111,0.0575,"Phoenix-Mesa-Chandler, AZ"
2402,Maricopa County,AZ,201704,1041.26,0.009,0.0597,"Phoenix-Mesa-Chandler, AZ"
2402,Maricopa County,AZ,201705,1050.57,0.0089,0.0605,"Phoenix-Mesa-Chandler, AZ"
2402,Maricopa County,AZ,201706,1056.8,0.0059,0.0595,"Phoenix-Mesa-Chandler, AZ"
2402,Maricopa County,AZ,201707,1061.61,0.0045,0.0602,"Phoenix-Mesa-Chandler, AZ"
2402,Maricopa County,AZ,201708,1063.63,0.0019,0.0603,"Phoenix-Mesa-Chandler, AZ"
2402,Maricopa County,AZ,201709,1066.01,0.0022,0.0618,"Phoenix-Mesa-Chandler, AZ"
2402,Maricopa County,AZ,201710,1067.67,0.0016,0.0639,"Phoenix-Mesa-Chandler, AZ"
2402,Maricopa County,AZ,201711,1070.78,0.0029,0.0654,"Phoenix-Mesa-Chandler, AZ"
2402,Maricopa County,AZ,201712,1073.42,0.0025,0.0669,"Phoenix-Mesa-Chandler, AZ"
2402,Maricopa County,AZ,201801,1078.46,0.0047,0.0652,"Phoenix-Mesa-Chandler, AZ"
2402,Maricopa County,AZ,201802,1084.2,0.0053,0.0623,"Phoenix-Mesa-Chandler, AZ"
2402,Maricopa County,AZ,201803,1095.87,0.0108,0.0619,"Phoenix-Mesa-Chandler, AZ"
2402,Maricopa County,AZ,201804,1108.9,0.0119,0.065,"Phoenix-Mesa-Chandler, AZ"
2402,Maricopa County,AZ,201805,1119.97,0.01,0.0661,"Phoenix-Mesa-Chandler, AZ"
2402,Maricopa County,AZ,201806,1127.8,0.007,0.0672,"Phoenix-Mesa-Chandler, AZ"
2402,Maricopa County,AZ,201807,1134.7,0.0061,0.0689,"Phoenix-Mesa-Chandler, AZ"
2402,Maricopa County,AZ,201808,1140.18,0.0048,0.072,"Phoenix-Mesa-Chandler, AZ"
2402,Maricopa County,AZ,201809,1145.22,0.0044,0.0743,"Phoenix-Mesa-Chandler, AZ"
2402,Maricopa County,AZ,201810,1148.77,0.0031,0.076,"Phoenix-Mesa-Chandler, AZ"
2402,Maricopa County,AZ,201811,1154.67,0.0051,0.0783,"Phoenix-Mesa-Chandler, AZ"
2402,Maricopa County,AZ,201812,1160.32,0.0049,0.081,"Phoenix-Mesa-Chandler, AZ"
2402,Maricopa County,AZ,201901,1164.38,0.0035,0.0797,"Phoenix-Mesa-Chandler, AZ"
2402,Maricopa County,AZ,201902,1172.51,0.007,0.0815,"Phoenix-Mesa-Chandler, AZ"
2402,Maricopa County,AZ,201903,1182.45,0.0085,0.079,"Phoenix-Mesa-Chandler, AZ"
2402,Maricopa County,AZ,201904,1197.1,0.0124,0.0795,"Phoenix-Mesa-Chandler, AZ"
2402,Maricopa County,AZ,201905,1208.17,0.0092,0.0787,"Phoenix-Mesa-Chandler, AZ"
2402,Maricopa County,AZ,201906,1218.15,0.0083,0.0801,"Phoenix-Mesa-Chandler, AZ"
2402,Maricopa County,AZ,201907,1225.42,0.006,0.08,"Phoenix-Mesa-Chandler, AZ"
2402,Maricopa County,AZ,201908,1231.95,0.0053,0.0805,"Phoenix-Mesa-Chandler, AZ"
2402,Maricopa County,AZ,201909,1236.05,0.0033,0.0793,"Phoenix-Mesa-Chandler, AZ"
2402,Maricopa County,AZ,201910,1239.25,0.0026,0.0788,"Phoenix-Mesa-Chandler, AZ"
2402,Maricopa County,AZ,201911,1244.62,0.0043,0.0779,"Phoenix-Mesa-Chandler, AZ"
2402,Maricopa County,AZ,201912,1252.86,0.0066,0.0798,"Phoenix-Mesa-Chandler, AZ"
2402,Maricopa County,AZ,202001,1262.13,0.0074,0.0839,"Phoenix-Mesa-Chandler, AZ"
2402,Maricopa County,AZ,202002,1271.62,0.0075,0.0845,"Phoenix-Mesa-Chandler, AZ"
2402,Maricopa County,AZ,202003,1277.47,0.0046,0.0804,"Phoenix-Mesa-Chandler, AZ"
2402,Maricopa County,AZ,202004,1277.59,0.0001,0.0672,"Phoenix-Mesa-Chandler, AZ"
2402,Maricopa County,AZ,202005,1276.72,-0.0007,0.0567,"Phoenix-Mesa-Chandler, AZ"
2402,Maricopa County,AZ,202006,1280.78,0.0032,0.0514,"Phoenix-Mesa-Chandler, AZ"
2402,Maricopa County,AZ,202007,1294.49,0.0107,0.0564,"Phoenix-Mesa-Chandler, AZ"
2402,Maricopa County,AZ,202008,1310.55,0.0124,0.0638,"Phoenix-Mesa-Chandler, AZ"
2402,Maricopa County,AZ,202009,1326.07,0.0118,0.0728,"Phoenix-Mesa-Chandler, AZ"
2402,Maricopa County,AZ,202010,1339.47,0.0101,0.0809,"Phoenix-Mesa-Chandler, AZ"
2402,Maricopa County,AZ,202011,1351.29,0.0088,0.0857,"Phoenix-Mesa-Chandler, AZ"
2402,Maricopa County,AZ,202012,1361.13,0.0073,0.0864,"Phoenix-Mesa-Chandler, AZ"
2402,Maricopa County,AZ,202101,1373.86,0.0094,0.0885,"Phoenix-Mesa-Chandler, AZ"
2402,Maricopa County,AZ,202102,1388.14,0.0104,0.0916,"Phoenix-Mesa-Chandler, AZ"
2402,Maricopa County,AZ,202103,1410.11,0.0158,0.1038,"Phoenix-Mesa-Chandler, AZ"
2402,Maricopa County,AZ,202104,1436.85,0.019,0.1247,"Phoenix-Mesa-Chandler, AZ"
2402,Maricopa County,AZ,202105,1474.25,0.026,0.1547,"Phoenix-Mesa-Chandler, AZ"
2402,Maricopa County,AZ,202106,1516.91,0.0289,0.1844,"Phoenix-Mesa-Chandler, AZ"
2402,Maricopa County,AZ,202107,1562.87,0.0303,0.2073,"Phoenix-Mesa-Chandler, AZ"
2402,Maricopa County,AZ,202108,1603.69,0.0261,0.2237,"Phoenix-Mesa-Chandler, AZ"
2402,Maricopa County,AZ,202109,1633.58,0.0186,0.2319,"Phoenix-Mesa-Chandler, AZ"
2402,Maricopa County,AZ,202110,1654.13,0.0126,0.2349,"Phoenix-Mesa-Chandler, AZ"
2402,Maricopa County,AZ,202111,1665.66,0.007,0.2326,"Phoenix-Mesa-Chandler, AZ"
2402,Maricopa County,AZ,202112,1675.09,0.0057,0.2307,"Phoenix-Mesa-Chandler, AZ"
2402,Maricopa County,AZ,202201,1682.96,0.0047,0.225,"Phoenix-Mesa-Chandler, AZ"
2402,Maricopa County,AZ,202202,1693.46,0.0062,0.22,"Phoenix-Mesa-Chandler, AZ"
2402,Maricopa County,AZ,202203,1706.72,0.0078,0.2103,"Phoenix-Mesa-Chandler, AZ"
2402,Maricopa County,AZ,202204,1718.43,0.0069,0.196,"Phoenix-Mesa-Chandler, AZ"
2402,Maricopa County,AZ,202205,1726.3,0.0046,0.171,"Phoenix-Mesa-Chandler, AZ"
2402,Maricopa County,AZ,202206,1731.94,0.0033,0.1418,"Phoenix-Mesa-Chandler, AZ"
2402,Maricopa County,AZ,202207,1736.57,0.0027,0.1111,"Phoenix-Mesa-Chandler, AZ"
2402,Maricopa County,AZ,202208,1737.03,0.0003,0.0831,"Phoenix-Mesa-Chandler, AZ"
2402,Maricopa County,AZ,202209,1728.45,-0.0049,0.0581,"Phoenix-Mesa-Chandler, AZ"
2402,Maricopa County,AZ,202210,1716.65,-0.0068,0.0378,"Phoenix-Mesa-Chandler, AZ"
2402,Maricopa County,AZ,202211,1705.71,-0.0064,0.024,"Phoenix-Mesa-Chandler, AZ"
2402,Maricopa County,AZ,202212,1700.69,-0.0029,0.0153,"Phoenix-Mesa-Chandler, AZ"
2402,Maricopa County,AZ,202301,1698.74,-0.0011,0.0094,"Phoenix-Mesa-Chandler, AZ"
2402,Maricopa County,AZ,202302,1704.16,0.0032,0.0063,"Phoenix-Mesa-Chandler, AZ"
2402,Maricopa County,AZ,202303,1718.55,0.0084,0.0069,"Phoenix-Mesa-Chandler, AZ"
2402,Maricopa County,AZ,202304,1724.98,0.0037,0.0038,"Phoenix-Mesa-Chandler, AZ"
2402,Maricopa County,AZ,202305,1728.77,0.0022,0.0014,"Phoenix-Mesa-Chandler, AZ"
2402,Maricopa County,AZ,202306,1724.67,-0.0024,-0.0042,"Phoenix-Mesa-Chandler, AZ"
2402,Maricopa County,AZ,202307,1728.71,0.0023,-0.0045,"Phoenix-Mesa-Chandler, AZ"
2402,Maricopa County,AZ,202308,1727.63,-0.0006,-0.0054,"Phoenix-Mesa-Chandler, AZ"
2402,Maricopa County,AZ,202309,1724.16,-0.002,-0.0025,"Phoenix-Mesa-Chandler, AZ"
2402,Maricopa County,AZ,202310,1715.21,-0.0052,-0.0008,"Phoenix-Mesa-Chandler, AZ"
2402,Maricopa County,AZ,202311,1706.33,-0.0052,0.0004,"Phoenix-Mesa-Chandler, AZ"
2402,Maricopa County,AZ,202312,1699.57,-0.004,-0.0007,"Phoenix-Mesa-Chandler, AZ"
2402,Maricopa County,AZ,202401,1700.57,0.0006,0.0011,"Phoenix-Mesa-Chandler, AZ"
2402,Maricopa County,AZ,202402,1708.01,0.0044,0.0023,"Phoenix-Mesa-Chandler, AZ"
2402,Maricopa County,AZ,202403,1715.74,0.0045,-0.0016,"Phoenix-Mesa-Chandler, AZ"
2402,Maricopa County,AZ,202404,1722.51,0.004,-0.0014,"Phoenix-Mesa-Chandler, AZ"
2402,Maricopa County,AZ,202405,1725.88,0.002,-0.0017,"Phoenix-Mesa-Chandler, AZ"
2402,Maricopa County,AZ,202406,1728.16,0.0013,0.002,"Phoenix-Mesa-Chandler, AZ"
2402,Maricopa County,AZ,202407,1728.94,0.0004,0.0001,"Phoenix-Mesa-Chandler, AZ"
2402,Maricopa County,AZ,202408,1728.0,-0.0005,0.0002,"Phoenix-Mesa-Chandler, AZ"
2402,Maricopa County,AZ,202409,1724.71,-0.0019,0.0003,"Phoenix-Mesa-Chandler, AZ"
2402,Maricopa County,AZ,202410,1716.17,-0.005,0.0006,"Phoenix-Mesa-Chandler, AZ"
2402,Maricopa County,AZ,202411,1707.58,-0.005,0.0007,"Phoenix-Mesa-Chandler, AZ"
2402,Maricopa County,AZ,202412,1701.43,-0.0036,0.0011,"Phoenix-Mesa-Chandler, AZ"
2402,Maricopa County,AZ,202501,1703.83,0.0014,0.0019,"Phoenix-Mesa-Chandler, AZ"
2402,Maricopa County,AZ,202502,1711.68,0.0046,0.0021,"Phoenix-Mesa-Chandler, AZ"
2402,Maricopa County,AZ,202503,1719.12,0.0044,0.002,"Phoenix-Mesa-Chandler, AZ"
2402,Maricopa County,AZ,202504,1720.99,0.0011,-0.0009,"Phoenix-Mesa-Chandler, AZ"
2402,Maricopa County,AZ,202505,1717.5,-0.002,-0.0049,"Phoenix-Mesa-Chandler, AZ"
2402,Maricopa County,AZ,202506,1713.62,-0.0023,-0.0084,"Phoenix-Mesa-Chandler, AZ"
2402,Maricopa County,AZ,202507,1709.9,-0.0022,-0.011,"Phoenix-Mesa-Chandler, AZ"
2402,Maricopa County,AZ,202508,1704.75,-0.003,-0.0135,"Phoenix-Mesa-Chandler, AZ"
2402,Maricopa County,AZ,202509,1701.5,-0.0019,-0.0135,"Phoenix-Mesa-Chandler, AZ"
2402,Maricopa County,AZ,202510,1697.23,-0.0025,-0.011,"Phoenix-Mesa-Chandler, AZ"
2402,Maricopa County,AZ,202511,1692.04,-0.0031,-0.0091,"Phoenix-Mesa-Chandler, AZ"
2402,Maricopa County,AZ,202512,1689.65,-0.0014,-0.0069,"Phoenix-Mesa-Chandler, AZ"
2402,Maricopa County,AZ,202601,1690.67,0.0006,-0.0077,"Phoenix-Mesa-Chandler, AZ"
2402,Maricopa County,AZ,202602,1697.47,0.004,-0.0083,"Phoenix-Mesa-Chandler, AZ"
2402,Maricopa County,AZ,202603,1702.31,0.0029,-0.0098,"Phoenix-Mesa-Chandler, AZ"
2402,Maricopa County,AZ,202604,1706.19,0.0023,-0.0086,"Phoenix-Mesa-Chandler, AZ"
2402,Maricopa County,AZ,202605,1711.23,0.003,-0.0037,"Phoenix-Mesa-Chandler, AZ"
2402,Maricopa County,AZ,202606,1712.11,0.0005,-0.0009,"Phoenix-Mesa-Chandler, AZ"
2402,Maricopa County,AZ,202607,1715.84,0.0022,0.0035,"Phoenix-Mesa-Chandler, AZ"
2402,Maricopa County,AZ,202608,1716.66,0.0005,0.007,"Phoenix-Mesa-Chandler, AZ"
3024,Santa Cruz County,AZ,202608,1506.25,,,"Nogales, AZ"
